word,status,calification,definition,word_length,language
ABABA,null,null,null,null,null
ABACA,null,null,null,null,null
ABACO,null,null,null,null,null
ABADI,null,null,null,null,null
ABALA,null,null,null,null,null
ABALE,null,null,null,null,null
ABALO,null,null,null,null,null
ABANA,null,null,null,null,null
ABANE,null,null,null,null,null
ABAÑA,null,null,null,null,null
ABAÑE,null,null,null,null,null
ABAÑO,null,null,null,null,null
ABASI,null,null,null,null,null
ABATI,null,null,null,null,null
ABECE,null,null,null,null,null
ABETE,null,null,null,null,null
ABINA,null,null,null,null,null
ABINE,null,null,null,null,null
ABINO,null,null,null,null,null
ABOLI,null,null,null,null,null
ABOZO,null,null,null,null,null
ABRAS,null,null,null,null,null
ABRIA,null,null,null,null,null
ABRIO,null,null,null,null,null
ABRIS,null,null,null,null,null
ABUBO,null,null,null,null,null
ACANA,null,null,null,null,null
ACHIN,null,null,null,null,null
ACHIS,null,null,null,null,null
ACIAR,null,null,null,null,null
ACIDO,null,null,null,null,null
ACIJE,null,null,null,null,null
ACIMO,null,null,null,null,null
ACION,null,null,null,null,null
ACMES,null,null,null,null,null
ACNES,null,null,null,null,null
ACOGI,null,null,null,null,null
ACROE,null,null,null,null,null
ACTEA,null,null,null,null,null
ACTUA,null,null,null,null,null
ACTUE,null,null,null,null,null
ACTUO,null,null,null,null,null
ACUDI,null,null,null,null,null
ACUEA,null,null,null,null,null
ACUEO,null,null,null,null,null
ACUTI,null,null,null,null,null
ADALA,null,null,null,null,null
ADAMA,null,null,null,null,null
ADAME,null,null,null,null,null
ADAMO,null,null,null,null,null
ADAZA,null,null,null,null,null
ADIAN,null,null,null,null,null
ADIAS,null,null,null,null,null
ADIEN,null,null,null,null,null
ADIES,null,null,null,null,null
ADIOS,null,null,null,null,null
ADORA,null,null,null,null,null
ADRAS,null,null,null,null,null
ADUCI,null,null,null,null,null
ADUJE,null,null,null,null,null
ADUJO,null,null,null,null,null
ADURA,null,null,null,null,null
ADURI,null,null,null,null,null
ADVEN,null,null,null,null,null
AEREA,null,null,null,null,null
AEREO,null,null,null,null,null
AFACA,null,null,null,null,null
AFACE,null,null,null,null,null
AFAGA,null,null,null,null,null
AFAGO,null,null,null,null,null
AFARA,null,null,null,null,null
AFARE,null,null,null,null,null
AFATA,null,null,null,null,null
AFATO,null,null,null,null,null
AFICE,null,null,null,null,null
AFIZO,null,null,null,null,null
AFLUI,null,null,null,null,null
AFOGA,null,null,null,null,null
AFOGO,null,null,null,null,null
AFONA,null,null,null,null,null
AFONO,null,null,null,null,null
AFUFE,null,null,null,null,null
AFUFO,null,null,null,null,null
AFUMA,null,null,null,null,null
AFUME,null,null,null,null,null
AFUMO,null,null,null,null,null
AGAMI,null,null,null,null,null
AGANA,null,null,null,null,null
AGANE,null,null,null,null,null
AGANO,null,null,null,null,null
AGAPE,null,null,null,null,null
AGATA,null,null,null,null,null
AGORE,null,null,null,null,null
AGORO,null,null,null,null,null
AGUAI,null,null,null,null,null
AGUAS,null,null,null,null,null
AGUEN,null,null,null,null,null
AGUES,null,null,null,null,null
AGUIN,null,null,null,null,null
AGUIO,null,null,null,null,null
AGUTI,null,null,null,null,null
AHAJA,null,null,null,null,null
AHAJE,null,null,null,null,null
AHAJO,null,null,null,null,null
AHIJA,null,null,null,null,null
AHIJE,null,null,null,null,null
AHIJO,null,null,null,null,null
AHILA,null,null,null,null,null
AHILE,null,null,null,null,null
AHILO,null,null,null,null,null
AHINA,null,null,null,null,null
AHITA,null,null,null,null,null
AHITE,null,null,null,null,null
AHITO,null,null,null,null,null
AHUMA,null,null,null,null,null
AHUME,null,null,null,null,null
AHUMO,null,null,null,null,null
AHUSA,null,null,null,null,null
AHUSE,null,null,null,null,null
AHUSO,null,null,null,null,null
AILLO,null,null,null,null,null
AINAS,null,null,null,null,null
AIRAN,null,null,null,null,null
AIRAS,null,null,null,null,null
AIREN,null,null,null,null,null
AIRON,null,null,null,null,null
AISLA,null,null,null,null,null
AISLE,null,null,null,null,null
AISLO,null,null,null,null,null
AITES,null,null,null,null,null
AJAIS,null,null,null,null,null
AJAJA,null,null,null,null,null
AJEAS,null,null,null,null,null
AJEIS,null,null,null,null,null
AJIES,null,null,null,null,null
ALACO,null,null,null,null,null
ALAJU,null,null,null,null,null
ALALA,null,null,null,null,null
ALALO,null,null,null,null,null
ALAMO,null,null,null,null,null
ALAUI,null,null,null,null,null
ALBIN,null,null,null,null,null
ALBUM,null,null,null,null,null
ALCES,null,null,null,null,null
ALEFS,null,null,null,null,null
ALELI,null,null,null,null,null
ALFAS,null,null,null,null,null
ALGUN,null,null,null,null,null
ALIAN,null,null,null,null,null
ALICA,null,null,null,null,null
ALIES,null,null,null,null,null
ALIMO,null,null,null,null,null
ALLEN,null,null,null,null,null
ALMAS,null,null,null,null,null
ALTAS,null,null,null,null,null
ALUAS,null,null,null,null,null
ALUDI,null,null,null,null,null
ALULA,null,null,null,null,null
ALVEO,null,null,null,null,null
ALZAS,null,null,null,null,null
AMAIS,null,null,null,null,null
AMARE,null,null,null,null,null
AMASE,null,null,null,null,null
AMATA,null,null,null,null,null
AMATO,null,null,null,null,null
AMBAR,null,null,null,null,null
AMBON,null,null,null,null,null
AMEIS,null,null,null,null,null
AMELA,null,null,null,null,null
AMELE,null,null,null,null,null
AMINE,null,null,null,null,null
AMIRI,null,null,null,null,null
AMOVE,null,null,null,null,null
AMOVI,null,null,null,null,null
AMPON,null,null,null,null,null
AMPRA,null,null,null,null,null
AMPRE,null,null,null,null,null
AMPRO,null,null,null,null,null
AMUSO,null,null,null,null,null
ANABI,null,null,null,null,null
ANADE,null,null,null,null,null
ANAMU,null,null,null,null,null
ANANA,null,null,null,null,null
ANCON,null,null,null,null,null
ANEEN,null,null,null,null,null
ANEES,null,null,null,null,null
ANGEL,null,null,null,null,null
ANGUS,null,null,null,null,null
ANION,null,null,null,null,null
ANISO,null,null,null,null,null
ANODO,null,null,null,null,null
ANSAR,null,null,null,null,null
ANSIE,null,null,null,null,null
ANSIO,null,null,null,null,null
AÑADI,null,null,null,null,null
AÑEDA,null,null,null,null,null
AÑEDE,null,null,null,null,null
AÑEDI,null,null,null,null,null
AÑEDO,null,null,null,null,null
AÑIDA,null,null,null,null,null
AÑIDE,null,null,null,null,null
AÑIDI,null,null,null,null,null
AÑIDO,null,null,null,null,null
APALE,null,null,null,null,null
APEAS,null,null,null,null,null
APESE,null,null,null,null,null
APICE,null,null,null,null,null
APITA,null,null,null,null,null
APITE,null,null,null,null,null
APITO,null,null,null,null,null
APRES,null,null,null,null,null
ARABE,null,null,null,null,null
ARABI,null,null,null,null,null
ARAIS,null,null,null,null,null
ARASA,null,null,null,null,null
ARAZA,null,null,null,null,null
ARBOL,null,null,null,null,null
ARBOR,null,null,null,null,null
ARCAS,null,null,null,null,null
ARCEN,null,null,null,null,null
ARCON,null,null,null,null,null
ARDAS,null,null,null,null,null
ARDEA,null,null,null,null,null
ARDIA,null,null,null,null,null
ARDIO,null,null,null,null,null
AREAS,null,null,null,null,null
AREIS,null,null,null,null,null
ARGAN,null,null,null,null,null
ARGEN,null,null,null,null,null
ARGON,null,null,null,null,null
ARGUI,null,null,null,null,null
ARIAS,null,null,null,null,null
ARIDA,null,null,null,null,null
ARIDO,null,null,null,null,null
ARIJE,null,null,null,null,null
ARMAS,null,null,null,null,null
ARMON,null,null,null,null,null
ARNES,null,null,null,null,null
ARPAS,null,null,null,null,null
ARPIA,null,null,null,null,null
ARPON,null,null,null,null,null
ARRIE,null,null,null,null,null
ARRIO,null,null,null,null,null
ARRUA,null,null,null,null,null
ARRUE,null,null,null,null,null
ARRUI,null,null,null,null,null
ARRUO,null,null,null,null,null
ARULA,null,null,null,null,null
ARZON,null,null,null,null,null
ASAIS,null,null,null,null,null
ASARO,null,null,null,null,null
ASCAR,null,null,null,null,null
ASEIS,null,null,null,null,null
ASIAN,null,null,null,null,null
ASIAS,null,null,null,null,null
ASIRA,null,null,null,null,null
ASIRE,null,null,null,null,null
ASONA,null,null,null,null,null
ASONE,null,null,null,null,null
ASONO,null,null,null,null,null
ASPAS,null,null,null,null,null
ASPIC,null,null,null,null,null
ASPID,null,null,null,null,null
ASUMI,null,null,null,null,null
ATAIS,null,null,null,null,null
ATAÑO,null,null,null,null,null
ATAPA,null,null,null,null,null
ATAPE,null,null,null,null,null
ATAPO,null,null,null,null,null
ATAUD,null,null,null,null,null
ATEIS,null,null,null,null,null
ATERI,null,null,null,null,null
ATICA,null,null,null,null,null
ATICO,null,null,null,null,null
ATOMO,null,null,null,null,null
ATONO,null,null,null,null,null
ATRAS,null,null,null,null,null
AULLA,null,null,null,null,null
AULLE,null,null,null,null,null
AULLO,null,null,null,null,null
AUNAN,null,null,null,null,null
AUNAS,null,null,null,null,null
AUNEN,null,null,null,null,null
AUNES,null,null,null,null,null
AUPAN,null,null,null,null,null
AUPAS,null,null,null,null,null
AUPEN,null,null,null,null,null
AUPES,null,null,null,null,null
AUREA,null,null,null,null,null
AUREO,null,null,null,null,null
AUTAN,null,null,null,null,null
AVATI,null,null,null,null,null
AVENI,null,null,null,null,null
AVIAN,null,null,null,null,null
AVIAS,null,null,null,null,null
AVICA,null,null,null,null,null
AVIDA,null,null,null,null,null
AVIDO,null,null,null,null,null
AVIEN,null,null,null,null,null
AVIES,null,null,null,null,null
AVION,null,null,null,null,null
AVIOS,null,null,null,null,null
AYORA,null,null,null,null,null
AYUAS,null,null,null,null,null
AZALA,null,null,null,null,null
AZARA,null,null,null,null,null
AZARE,null,null,null,null,null
AZCON,null,null,null,null,null
AZERI,null,null,null,null,null
AZIMO,null,null,null,null,null
AZOES,null,null,null,null,null
AZOLA,null,null,null,null,null
AZOLE,null,null,null,null,null
AZOLO,null,null,null,null,null
BAJIA,null,null,null,null,null
BAJIN,null,null,null,null,null
BAJIO,null,null,null,null,null
BAJON,null,null,null,null,null
BALAS,null,null,null,null,null
BALIN,null,null,null,null,null
BALON,null,null,null,null,null
BAMBU,null,null,null,null,null
BANCE,null,null,null,null,null
BANTU,null,null,null,null,null
BAÑAS,null,null,null,null,null
BAQUE,null,null,null,null,null
BARIS,null,null,null,null,null
BARNS,null,null,null,null,null
BARON,null,null,null,null,null
BARRE,null,null,null,null,null
BARRI,null,null,null,null,null
BASAS,null,null,null,null,null
BASES,null,null,null,null,null
BATAS,null,null,null,null,null
BATES,null,null,null,null,null
BATIA,null,null,null,null,null
BATIN,null,null,null,null,null
BATIO,null,null,null,null,null
BATIS,null,null,null,null,null
BATON,null,null,null,null,null
BATUA,null,null,null,null,null
BAYAS,null,null,null,null,null
BAYON,null,null,null,null,null
BAYUA,null,null,null,null,null
BAYUS,null,null,null,null,null
BAZAS,null,null,null,null,null
BEBAS,null,null,null,null,null
BEBES,null,null,null,null,null
BEBIA,null,null,null,null,null
BEBIO,null,null,null,null,null
BECAS,null,null,null,null,null
BEFAS,null,null,null,null,null
BEJIN,null,null,null,null,null
BELDA,null,null,null,null,null
BELDE,null,null,null,null,null
BELDO,null,null,null,null,null
BELEN,null,null,null,null,null
BEORI,null,null,null,null,null
BERBI,null,null,null,null,null
BERON,null,null,null,null,null
BESES,null,null,null,null,null
BETUN,null,null,null,null,null
BEZON,null,null,null,null,null
BIBIS,null,null,null,null,null
BIDES,null,null,null,null,null
BIDON,null,null,null,null,null
BILES,null,null,null,null,null
BILME,null,null,null,null,null
BILMO,null,null,null,null,null
BINAS,null,null,null,null,null
BINEA,null,null,null,null,null
BINEE,null,null,null,null,null
BINEO,null,null,null,null,null
BIRLI,null,null,null,null,null
BISES,null,null,null,null,null
BISTE,null,null,null,null,null
BITAS,null,null,null,null,null
BITER,null,null,null,null,null
BOCIN,null,null,null,null,null
BOCON,null,null,null,null,null
BODON,null,null,null,null,null
BOFAS,null,null,null,null,null
BOFES,null,null,null,null,null
BOGAS,null,null,null,null,null
BOHIO,null,null,null,null,null
BOITE,null,null,null,null,null
BOJAS,null,null,null,null,null
BOJES,null,null,null,null,null
BOLAR,null,null,null,null,null
BOLAS,null,null,null,null,null
BOLIN,null,null,null,null,null
BOLON,null,null,null,null,null
BOMBE,null,null,null,null,null
BORAX,null,null,null,null,null
BOREO,null,null,null,null,null
BORNI,null,null,null,null,null
BOSON,null,null,null,null,null
BOTAS,null,null,null,null,null
BOTES,null,null,null,null,null
BOTIN,null,null,null,null,null
BOTON,null,null,null,null,null
BOXER,null,null,null,null,null
BOYAS,null,null,null,null,null
BOZON,null,null,null,null,null
BREAS,null,null,null,null,null
BRIOS,null,null,null,null,null
BRISO,null,null,null,null,null
BRUJI,null,null,null,null,null
BRUÑI,null,null,null,null,null
BUBON,null,null,null,null,null
BUDIN,null,null,null,null,null
BUFAS,null,null,null,null,null
BUFON,null,null,null,null,null
BUHIO,null,null,null,null,null
BUHOS,null,null,null,null,null
BUJIA,null,null,null,null,null
BULIN,null,null,null,null,null
BULIS,null,null,null,null,null
BULLI,null,null,null,null,null
BULON,null,null,null,null,null
BURIO,null,null,null,null,null
BUTIA,null,null,null,null,null
BUZAS,null,null,null,null,null
BUZON,null,null,null,null,null
CABAS,null,null,null,null,null
CABES,null,null,null,null,null
CABIA,null,null,null,null,null
CABRE,null,null,null,null,null
CACAN,null,null,null,null,null
CACES,null,null,null,null,null
CACHU,null,null,null,null,null
CAEIS,null,null,null,null,null
CAENA,null,null,null,null,null
CAERA,null,null,null,null,null
CAERE,null,null,null,null,null
CAFES,null,null,null,null,null
CAGON,null,null,null,null,null
CAHIZ,null,null,null,null,null
CAIAN,null,null,null,null,null
CAIAS,null,null,null,null,null
CAIDA,null,null,null,null,null
CAIDO,null,null,null,null,null
CAIES,null,null,null,null,null
CAJEL,null,null,null,null,null
CAJIN,null,null,null,null,null
CAJIS,null,null,null,null,null
CAJON,null,null,null,null,null
CALAN,null,null,null,null,null
CALAO,null,null,null,null,null
CALAS,null,null,null,null,null
CALED,null,null,null,null,null
CALEN,null,null,null,null,null
CALES,null,null,null,null,null
CALIA,null,null,null,null,null
CALIO,null,null,null,null,null
CALIZ,null,null,null,null,null
CALMCANTU,null,null,null,null,null
CAÑAD,null,null,null,null,null
CAÑAN,null,null,null,null,null
CAÑEN,null,null,null,null,null
CAÑES,null,null,null,null,null
CAÑIS,null,null,null,null,null
CAÑON,null,null,null,null,null
CAPAS,null,null,null,null,null
CAPIN,null,null,null,null,null
CAPON,null,null,null,null,null
CARAS,null,null,null,null,null
CARAU,null,null,null,null,null
CARIE,null,null,null,null,null
CARLO,null,null,null,null,null
CARON,null,null,null,null,null
CARPI,null,null,null,null,null
CASAS,null,null,null,null,null
CASEA,null,null,null,null,null
CASEO,null,null,null,null,null
CASES,null,null,null,null,null
CASON,null,null,null,null,null
CATAS,null,null,null,null,null
CATES,null,null,null,null,null
CATIN,null,null,null,null,null
CATON,null,null,null,null,null
CAUNO,null,null,null,null,null
CAVAS,null,null,null,null,null
CAVEA,null,null,null,null,null
CAVES,null,null,null,null,null
CAVIO,null,null,null,null,null
CAVIS,null,null,null,null,null
CAVON,null,null,null,null,null
CAYAN,null,null,null,null,null
CAYAS,null,null,null,null,null
CAZAS,null,null,null,null,null
CAZON,null,null,null,null,null
CEBAS,null,null,null,null,null
CEBON,null,null,null,null,null
CEBTI,null,null,null,null,null
CEBUS,null,null,null,null,null
CEDAS,null,null,null,null,null
CEDIA,null,null,null,null,null
CEDIO,null,null,null,null,null
CEFEE,null,null,null,null,null
CEFEO,null,null,null,null,null
CEGAS,null,null,null,null,null
CEGUE,null,null,null,null,null
CEJAS,null,null,null,null,null
CEJES,null,null,null,null,null
CELAS,null,null,null,null,null
CELES,null,null,null,null,null
CENAS,null,null,null,null,null
CENCA,null,null,null,null,null
CENIS,null,null,null,null,null
CEÑAD,null,null,null,null,null
CEÑAN,null,null,null,null,null
CEÑEN,null,null,null,null,null
CEÑES,null,null,null,null,null
CEÑIA,null,null,null,null,null
CEÑIS,null,null,null,null,null
CEPTI,null,null,null,null,null
CEQUI,null,null,null,null,null
CEREA,null,null,null,null,null
CEREO,null,null,null,null,null
CERNI,null,null,null,null,null
CERON,null,null,null,null,null
CERRE,null,null,null,null,null
CESES,null,null,null,null,null
CETIS,null,null,null,null,null
CEUTI,null,null,null,null,null
CHACA,null,null,null,null,null
CHAJA,null,null,null,null,null
CHANA,null,null,null,null,null
CHAUL,null,null,null,null,null
CHIAN,null,null,null,null,null
CHIEN,null,null,null,null,null
CHIIS,null,null,null,null,null
CHIMU,null,null,null,null,null
CHOTE,null,null,null,null,null
CHUAS,null,null,null,null,null
CHULE,null,null,null,null,null
CHURU,null,null,null,null,null
CIANI,null,null,null,null,null
CICCA,null,null,null,null,null
CINAS,null,null,null,null,null
CISME,null,null,null,null,null
CISMO,null,null,null,null,null
CITAS,null,null,null,null,null
CLOCA,null,null,null,null,null
CLOCO,null,null,null,null,null
COATI,null,null,null,null,null
COBOS,null,null,null,null,null
COCAD,null,null,null,null,null
COCAN,null,null,null,null,null
COCIA,null,null,null,null,null
COCIO,null,null,null,null,null
CODAS,null,null,null,null,null
CODIN,null,null,null,null,null
CODON,null,null,null,null,null
COFAN,null,null,null,null,null
COFIN,null,null,null,null,null
COGIA,null,null,null,null,null
COGIO,null,null,null,null,null
COGON,null,null,null,null,null
COINE,null,null,null,null,null
COJAS,null,null,null,null,null
COJIN,null,null,null,null,null
COJON,null,null,null,null,null
COLAS,null,null,null,null,null
COLES,null,null,null,null,null
COLGA,null,null,null,null,null
COLGO,null,null,null,null,null
COLIN,null,null,null,null,null
COMAS,null,null,null,null,null
COMIA,null,null,null,null,null
COMIC,null,null,null,null,null
COMIS,null,null,null,null,null
COMUN,null,null,null,null,null
CORRI,null,null,null,null,null
CORSE,null,null,null,null,null
CORUA,null,null,null,null,null
COSAS,null,null,null,null,null
COSIA,null,null,null,null,null
COSIO,null,null,null,null,null
COTAS,null,null,null,null,null
COTES,null,null,null,null,null
COTIN,null,null,null,null,null
COTIS,null,null,null,null,null
COTON,null,null,null,null,null
COTUA,null,null,null,null,null
COVAD,null,null,null,null,null
COVAN,null,null,null,null,null
COVAR,null,null,null,null,null
COVAS,null,null,null,null,null
COVEN,null,null,null,null,null
COVES,null,null,null,null,null
COYAN,null,null,null,null,null
CREAN,null,null,null,null,null
CREAS,null,null,null,null,null
CRECI,null,null,null,null,null
CREEN,null,null,null,null,null
CREES,null,null,null,null,null
CREIA,null,null,null,null,null
CREPS,null,null,null,null,null
CREYO,null,null,null,null,null
CRIAN,null,null,null,null,null
CRIEN,null,null,null,null,null
CRIOS,null,null,null,null,null
CRUJI,null,null,null,null,null
CRUOR,null,null,null,null,null
CUATI,null,null,null,null,null
CUBRI,null,null,null,null,null
CUCAS,null,null,null,null,null
CUCHE,null,null,null,null,null
CUCHI,null,null,null,null,null
CUCUS,null,null,null,null,null
CUJIN,null,null,null,null,null
CUJIS,null,null,null,null,null
CUJON,null,null,null,null,null
CULAS,null,null,null,null,null
CULEN,null,null,null,null,null
CULIA,null,null,null,null,null
CULIO,null,null,null,null,null
CULON,null,null,null,null,null
CUMEL,null,null,null,null,null
CUNAS,null,null,null,null,null
CUNDI,null,null,null,null,null
CUÑAS,null,null,null,null,null
CUPES,null,null,null,null,null
CUPLE,null,null,null,null,null
CUPON,null,null,null,null,null
CURAL,null,null,null,null,null
CURAS,null,null,null,null,null
CURIS,null,null,null,null,null
CURTI,null,null,null,null,null
CUSCU,null,null,null,null,null
CUSIA,null,null,null,null,null
CUSIO,null,null,null,null,null
CUSIS,null,null,null,null,null
CUTER,null,null,null,null,null
CUYES,null,null,null,null,null
DADAS,null,null,null,null,null
DADOS,null,null,null,null,null
DAHIR,null,null,null,null,null
DALAS,null,null,null,null,null
DAMIL,null,null,null,null,null
DAQUI,null,null,null,null,null
DARAN,null,null,null,null,null
DARAS,null,null,null,null,null
DARIA,null,null,null,null,null
DATAS,null,null,null,null,null
DATIL,null,null,null,null,null
DAUDA,null,null,null,null,null
DAZAS,null,null,null,null,null
DEBES,null,null,null,null,null
DEBIA,null,null,null,null,null
DEBIL,null,null,null,null,null
DEBIO,null,null,null,null,null
DEBOS,null,null,null,null,null
DECAI,null,null,null,null,null
DECIA,null,null,null,null,null
DECIS,null,null,null,null,null
DEJAS,null,null,null,null,null
DEJES,null,null,null,null,null
DELES,null,null,null,null,null
DEMAS,null,null,null,null,null
DEMOS,null,null,null,null,null
DENTA,null,null,null,null,null
DEPON,null,null,null,null,null
DESDA,null,null,null,null,null
DESDI,null,null,null,null,null
DESOI,null,null,null,null,null
DESUS,null,null,null,null,null
DETEN,null,null,null,null,null
DEVEN,null,null,null,null,null
DIADA,null,null,null,null,null
DIADO,null,null,null,null,null
DILUI,null,null,null,null,null
DIMAN,null,null,null,null,null
DIMAS,null,null,null,null,null
DIMEN,null,null,null,null,null
DIMIA,null,null,null,null,null
DIMID,null,null,null,null,null
DIMIO,null,null,null,null,null
DIMIS,null,null,null,null,null
DINAS,null,null,null,null,null
DINOS,null,null,null,null,null
DIOSO,null,null,null,null,null
DIRAN,null,null,null,null,null
DIRAS,null,null,null,null,null
DIRIA,null,null,null,null,null
DISON,null,null,null,null,null
DISTE,null,null,null,null,null
DIVAN,null,null,null,null,null
DOCIL,null,null,null,null,null
DOGAS,null,null,null,null,null
DOLAD,null,null,null,null,null
DOLES,null,null,null,null,null
DOLIA,null,null,null,null,null
DOLIO,null,null,null,null,null
DOMAS,null,null,null,null,null
DONAS,null,null,null,null,null
DONES,null,null,null,null,null
DOÑAS,null,null,null,null,null
DOPAS,null,null,null,null,null
DORMI,null,null,null,null,null
DOTES,null,null,null,null,null
DRIAS,null,null,null,null,null
DSEDA,null,null,null,null,null
DUDAS,null,null,null,null,null
DULIA,null,null,null,null,null
DUMAN,null,null,null,null,null
EFETA,null,null,null,null,null
EFLUI,null,null,null,null,null
EFORO,null,null,null,null,null
EGIDA,null,null,null,null,null
EIRAS,null,null,null,null,null
EJION,null,null,null,null,null
ELAMI,null,null,null,null,null
ELEGA,null,null,null,null,null
ELEGI,null,null,null,null,null
ELEGO,null,null,null,null,null
ELEMI,null,null,null,null,null
ELEPE,null,null,null,null,null
ELIDI,null,null,null,null,null
ELIJA,null,null,null,null,null
ELIJO,null,null,null,null,null
ELUDI,null,null,null,null,null
EMBAI,null,null,null,null,null
EMITI,null,null,null,null,null
EMPOS,null,null,null,null,null
EMPRA,null,null,null,null,null
EMPRE,null,null,null,null,null
EMPRO,null,null,null,null,null
EMUES,null,null,null,null,null
ENEOS,null,null,null,null,null
ENRIA,null,null,null,null,null
ENRIE,null,null,null,null,null
ENRIO,null,null,null,null,null
ENULA,null,null,null,null,null
ENVES,null,null,null,null,null
ENVIA,null,null,null,null,null
ENVIE,null,null,null,null,null
ENVIO,null,null,null,null,null
EPALE,null,null,null,null,null
EPICA,null,null,null,null,null
EPICO,null,null,null,null,null
EPOCA,null,null,null,null,null
EREIS,null,null,null,null,null
ERGUI,null,null,null,null,null
ERIAS,null,null,null,null,null
ERIGI,null,null,null,null,null
ERIOS,null,null,null,null,null
ERRES,null,null,null,null,null
ERUTA,null,null,null,null,null
ERUTE,null,null,null,null,null
ESMUI,null,null,null,null,null
ESPIA,null,null,null,null,null
ESPIE,null,null,null,null,null
ESPIN,null,null,null,null,null
ESPIO,null,null,null,null,null
ESQUI,null,null,null,null,null
ESTAN,null,null,null,null,null
ESTEN,null,null,null,null,null
ESTER,null,null,null,null,null
ESTIO,null,null,null,null,null
ESULA,null,null,null,null,null
ETICA,null,null,null,null,null
ETICO,null,null,null,null,null
ETIMO,null,null,null,null,null
EVADI,null,null,null,null,null
EVOHE,null,null,null,null,null
EXIGI,null,null,null,null,null
EXIMI,null,null,null,null,null
EXITO,null,null,null,null,null
EXODO,null,null,null,null,null
EXPIA,null,null,null,null,null
EXPIE,null,null,null,null,null
EXPIO,null,null,null,null,null
EXPON,null,null,null,null,null
FACIL,null,null,null,null,null
FACON,null,null,null,null,null
FAINA,null,null,null,null,null
FAJAS,null,null,null,null,null
FAJIN,null,null,null,null,null
FAJON,null,null,null,null,null
FALCO,null,null,null,null,null
FALUA,null,null,null,null,null
FAQUI,null,null,null,null,null
FARON,null,null,null,null,null
FASOL,null,null,null,null,null
FELON,null,null,null,null,null
FELUS,null,null,null,null,null
FEMAD,null,null,null,null,null
FEMAN,null,null,null,null,null
FEMAS,null,null,null,null,null
FEMEN,null,null,null,null,null
FEMES,null,null,null,null,null
FEMUR,null,null,null,null,null
FENIX,null,null,null,null,null
FETEN,null,null,null,null,null
FEUCA,null,null,null,null,null
FEUCO,null,null,null,null,null
FEURA,null,null,null,null,null
FIATS,null,null,null,null,null
FICEN,null,null,null,null,null
FIFIS,null,null,null,null,null
FIGON,null,null,null,null,null
FIJAS,null,null,null,null,null
FIJON,null,null,null,null,null
FILAS,null,null,null,null,null
FILES,null,null,null,null,null
FILLO,null,null,null,null,null
FILON,null,null,null,null,null
FINAN,null,null,null,null,null
FINAS,null,null,null,null,null
FINEN,null,null,null,null,null
FINES,null,null,null,null,null
FINGI,null,null,null,null,null
FINIA,null,null,null,null,null
FINIO,null,null,null,null,null
FINIS,null,null,null,null,null
FISAN,null,null,null,null,null
FIZAD,null,null,null,null,null
FIZAN,null,null,null,null,null
FIZAS,null,null,null,null,null
FIZON,null,null,null,null,null
FLAON,null,null,null,null,null
FLUIA,null,null,null,null,null
FLUOR,null,null,null,null,null
FOGON,null,null,null,null,null
FORCE,null,null,null,null,null
FORME,null,null,null,null,null
FORUM,null,null,null,null,null
FORZA,null,null,null,null,null
FORZO,null,null,null,null,null
FOSAS,null,null,null,null,null
FOSIL,null,null,null,null,null
FOTON,null,null,null,null,null
FOVEA,null,null,null,null,null
FRADA,null,null,null,null,null
FRADO,null,null,null,null,null
FRAÑA,null,null,null,null,null
FRAÑE,null,null,null,null,null
FRAÑI,null,null,null,null,null
FRAÑO,null,null,null,null,null
FREGA,null,null,null,null,null
FREGO,null,null,null,null,null
FREIA,null,null,null,null,null
FREID,null,null,null,null,null
FREIR,null,null,null,null,null
FREIS,null,null,null,null,null
FREON,null,null,null,null,null
FRIAN,null,null,null,null,null
FRIEN,null,null,null,null,null
FRIES,null,null,null,null,null
FRIOS,null,null,null,null,null
FRUIA,null,null,null,null,null
ANDON,null,null,null,null,null
ANEAD,null,null,null,null,null
ANEAN,null,null,null,null,null
AZUTS,null,null,null,null,null
BACAN,null,null,null,null,null
BACIA,null,null,null,null,null
BACIN,null,null,null,null,null
BACON,null,null,null,null,null
BADAN,null,null,null,null,null
BAGAS,null,null,null,null,null
BAHAI,null,null,null,null,null
BAHIA,null,null,null,null,null
BAIDA,null,null,null,null,null
BAJAS,null,null,null,null,null
CALON,null,null,null,null,null
CAMBE,null,null,null,null,null
CAMON,null,null,null,null,null
CAMPA,null,null,null,null,null
CANAS,null,null,null,null,null
CANDA,null,null,null,null,null
CANDE,null,null,null,null,null
CANDI,null,null,null,null,null
CANDO,null,null,null,null,null
CANEA,null,null,null,null,null
CANEE,null,null,null,null,null
CANEO,null,null,null,null,null
CANEZ,null,null,null,null,null
CANGO,null,null,null,null,null
CANTU,null,null,null,null,null
CONTE,null,null,null,null,null
CONTO,null,null,null,null,null
COÑON,null,null,null,null,null
COONA,null,null,null,null,null
COPAS,null,null,null,null,null
COPES,null,null,null,null,null
COPIN,null,null,null,null,null
COPON,null,null,null,null,null
COQUI,null,null,null,null,null
CORAD,null,null,null,null,null
CORAN,null,null,null,null,null
CORAR,null,null,null,null,null
COREN,null,null,null,null,null
CORIO,null,null,null,null,null
DUMEN,null,null,null,null,null
DUMES,null,null,null,null,null
DUMIA,null,null,null,null,null
DUMID,null,null,null,null,null
DUMIO,null,null,null,null,null
DUMIS,null,null,null,null,null
DURAS,null,null,null,null,null
EBANO,null,null,null,null,null
EDUCI,null,null,null,null,null
FRUIS,null,null,null,null,null
FUCAR,null,null,null,null,null
FUERE,null,null,null,null,null
FUESE,null,null,null,null,null
FUFUS,null,null,null,null,null
FUGAS,null,null,null,null,null
FULGI,null,null,null,null,null
FUMAS,null,null,null,null,null
FUMON,null,null,null,null,null
FUNDE,null,null,null,null,null
FUNDI,null,null,null,null,null
FUNGI,null,null,null,null,null
FUTIL,null,null,null,null,null
FUTON,null,null,null,null,null
GABAN,null,null,null,null,null
GACHE,null,null,null,null,null
GACHI,null,null,null,null,null
GAFAS,null,null,null,null,null
GAFES,null,null,null,null,null
GALAN,null,null,null,null,null
GALAS,null,null,null,null,null
GALEO,null,null,null,null,null
GALON,null,null,null,null,null
GALUA,null,null,null,null,null
GAMAS,null,null,null,null,null
GAMON,null,null,null,null,null
GANAS,null,null,null,null,null
GANES,null,null,null,null,null
GAÑIA,null,null,null,null,null
GAÑIN,null,null,null,null,null
GAÑIS,null,null,null,null,null
GAÑON,null,null,null,null,null
GARBE,null,null,null,null,null
GARIA,null,null,null,null,null
GARRE,null,null,null,null,null
GARRI,null,null,null,null,null
GARRO,null,null,null,null,null
GARUA,null,null,null,null,null
GARUE,null,null,null,null,null
GARUO,null,null,null,null,null
GASON,null,null,null,null,null
GAYAS,null,null,null,null,null
GELES,null,null,null,null,null
GEMIA,null,null,null,null,null
GEMIS,null,null,null,null,null
GIBAO,null,null,null,null,null
GIBAS,null,null,null,null,null
GIBON,null,null,null,null,null
GILIS,null,null,null,null,null
GIMIO,null,null,null,null,null
GIRAS,null,null,null,null,null
GLASE,null,null,null,null,null
GLIAS,null,null,null,null,null
GLIDE,null,null,null,null,null
GOBEN,null,null,null,null,null
GOCES,null,null,null,null,null
GOTON,null,null,null,null,null
GOZON,null,null,null,null,null
GRAIS,null,null,null,null,null
GRAME,null,null,null,null,null
GRIFE,null,null,null,null,null
GRISU,null,null,null,null,null
GROSO,null,null,null,null,null
GRUAS,null,null,null,null,null
GRUIA,null,null,null,null,null
GRUJI,null,null,null,null,null
GRUÑI,null,null,null,null,null
GRUPI,null,null,null,null,null
GUARI,null,null,null,null,null
GUEÑA,null,null,null,null,null
GUERA,null,null,null,null,null
GUERO,null,null,null,null,null
GUIAN,null,null,null,null,null
GUIEN,null,null,null,null,null
GUILA,null,null,null,null,null
GUILO,null,null,null,null,null
GUINA,null,null,null,null,null
GUINO,null,null,null,null,null
GUIRA,null,null,null,null,null
GUIRE,null,null,null,null,null
GUIRO,null,null,null,null,null
GUMIA,null,null,null,null,null
GURIS,null,null,null,null,null
GURUS,null,null,null,null,null
HABIA,null,null,null,null,null
HABIL,null,null,null,null,null
HABON,null,null,null,null,null
HABRA,null,null,null,null,null
HABRE,null,null,null,null,null
HABUS,null,null,null,null,null
HACAN,null,null,null,null,null
HACES,null,null,null,null,null
HALON,null,null,null,null,null
HAPAX,null,null,null,null,null
HARAN,null,null,null,null,null
HAREN,null,null,null,null,null
HARIA,null,null,null,null,null
HARON,null,null,null,null,null
HAYAS,null,null,null,null,null
HEBEN,null,null,null,null,null
HEDES,null,null,null,null,null
HEDIA,null,null,null,null,null
HEDIO,null,null,null,null,null
HELAS,null,null,null,null,null
HENDE,null,null,null,null,null
HENDI,null,null,null,null,null
HENOS,null,null,null,null,null
HEÑIA,null,null,null,null,null
HEÑIS,null,null,null,null,null
HERBA,null,null,null,null,null
HERBE,null,null,null,null,null
HERBO,null,null,null,null,null
HERIS,null,null,null,null,null
HEROE,null,null,null,null,null
HERRA,null,null,null,null,null
HERRE,null,null,null,null,null
HERRO,null,null,null,null,null
HERVE,null,null,null,null,null
HERVI,null,null,null,null,null
HESPA,null,null,null,null,null
HESPE,null,null,null,null,null
HESPI,null,null,null,null,null
HESPO,null,null,null,null,null
HIGUI,null,null,null,null,null
HILAS,null,null,null,null,null
HINDU,null,null,null,null,null
HIÑIA,null,null,null,null,null
HIÑID,null,null,null,null,null
HIÑIS,null,null,null,null,null
HIRIO,null,null,null,null,null
HISPI,null,null,null,null,null
HITAS,null,null,null,null,null
HITON,null,null,null,null,null
HOCES,null,null,null,null,null
HOLAN,null,null,null,null,null
HOLGA,null,null,null,null,null
HOLGO,null,null,null,null,null
HOLLA,null,null,null,null,null
HOLLE,null,null,null,null,null
HOLLO,null,null,null,null,null
HOMES,null,null,null,null,null
HOPAS,null,null,null,null,null
HOYAS,null,null,null,null,null
HUELA,null,null,null,null,null
HUELO,null,null,null,null,null
HUIAN,null,null,null,null,null
HUIAS,null,null,null,null,null
HUICH,null,null,null,null,null
HUIRE,null,null,null,null,null
HULES,null,null,null,null,null
HUNDI,null,null,null,null,null
HURIS,null,null,null,null,null
HURON,null,null,null,null,null
HUSAR,null,null,null,null,null
HUTIA,null,null,null,null,null
IBICE,null,null,null,null,null
ICEIS,null,null,null,null,null
IDEAS,null,null,null,null,null
IDOLO,null,null,null,null,null
IGLUS,null,null,null,null,null
IGNEA,null,null,null,null,null
IGNEO,null,null,null,null,null
IJUJU,null,null,null,null,null
ILEON,null,null,null,null,null
ILEOS,null,null,null,null,null
ILUDI,null,null,null,null,null
IMBUI,null,null,null,null,null
IMPIA,null,null,null,null,null
IMPIO,null,null,null,null,null
IMPON,null,null,null,null,null
INDEX,null,null,null,null,null
INGON,null,null,null,null,null
INTUI,null,null,null,null,null
IRANI,null,null,null,null,null
IREIS,null,null,null,null,null
IRIAN,null,null,null,null,null
IRIAS,null,null,null,null,null
IRIDE,null,null,null,null,null
IRRUI,null,null,null,null,null
IRUPE,null,null,null,null,null
ISLAN,null,null,null,null,null
ITALA,null,null,null,null,null
ITEMS,null,null,null,null,null
ITRIA,null,null,null,null,null
IZAIS,null,null,null,null,null
JABIS,null,null,null,null,null
JABON,null,null,null,null,null
JABRA,null,null,null,null,null
JABRE,null,null,null,null,null
JABRI,null,null,null,null,null
JABRO,null,null,null,null,null
JADIA,null,null,null,null,null
JADIE,null,null,null,null,null
JADIO,null,null,null,null,null
JALES,null,null,null,null,null
JALON,null,null,null,null,null
JAMAS,null,null,null,null,null
JAMON,null,null,null,null,null
JANES,null,null,null,null,null
JAPON,null,null,null,null,null
JARAS,null,null,null,null,null
JASAS,null,null,null,null,null
JAYAN,null,null,null,null,null
JEDAD,null,null,null,null,null
JEDAN,null,null,null,null,null
JEDEN,null,null,null,null,null
JEDES,null,null,null,null,null
JEJEN,null,null,null,null,null
JETAD,null,null,null,null,null
JETAN,null,null,null,null,null
JETEN,null,null,null,null,null
JETES,null,null,null,null,null
JETON,null,null,null,null,null
JIGUE,null,null,null,null,null
JIJEA,null,null,null,null,null
JIJEE,null,null,null,null,null
JINES,null,null,null,null,null
JIÑAS,null,null,null,null,null
JIPIA,null,null,null,null,null
JIPIE,null,null,null,null,null
JIPIO,null,null,null,null,null
JIRON,null,null,null,null,null
JITAD,null,null,null,null,null
JITAN,null,null,null,null,null
JITAS,null,null,null,null,null
JITEN,null,null,null,null,null
JITES,null,null,null,null,null
JOCON,null,null,null,null,null
JOCOS,null,null,null,null,null
JODAS,null,null,null,null,null
JODIA,null,null,null,null,null
JODIO,null,null,null,null,null
JODON,null,null,null,null,null
JOLIN,null,null,null,null,null
JONDO,null,null,null,null,null
JOYON,null,null,null,null,null
JUBON,null,null,null,null,null
JUDIA,null,null,null,null,null
JUDIO,null,null,null,null,null
JUGAS,null,null,null,null,null
JUGUE,null,null,null,null,null
JUJEA,null,null,null,null,null
JUJEE,null,null,null,null,null
JUNCI,null,null,null,null,null
JUÑAN,null,null,null,null,null
JUÑAS,null,null,null,null,null
JUÑEN,null,null,null,null,null
JUÑES,null,null,null,null,null
JUÑIA,null,null,null,null,null
JUÑID,null,null,null,null,null
JUÑIS,null,null,null,null,null
JUPON,null,null,null,null,null
JURAS,null,null,null,null,null
JURES,null,null,null,null,null
JUTIA,null,null,null,null,null
LABIL,null,null,null,null,null
LACAS,null,null,null,null,null
LACON,null,null,null,null,null
LADON,null,null,null,null,null
LAMAS,null,null,null,null,null
LAMBI,null,null,null,null,null
LAMIN,null,null,null,null,null
LAMIO,null,null,null,null,null
LANDO,null,null,null,null,null
LANIA,null,null,null,null,null
LANIO,null,null,null,null,null
LAÑAS,null,null,null,null,null
LAPIZ,null,null,null,null,null
LAPON,null,null,null,null,null
LASER,null,null,null,null,null
LASUN,null,null,null,null,null
LATAS,null,null,null,null,null
LATEX,null,null,null,null,null
LATIA,null,null,null,null,null
LATIN,null,null,null,null,null
LATIO,null,null,null,null,null
LATIS,null,null,null,null,null
LATON,null,null,null,null,null
LAVAS,null,null,null,null,null
LAVES,null,null,null,null,null
LAXAS,null,null,null,null,null
LAYAS,null,null,null,null,null
LAYES,null,null,null,null,null
LEAIS,null,null,null,null,null
LEDON,null,null,null,null,null
LEEIS,null,null,null,null,null
LEERA,null,null,null,null,null
LEERE,null,null,null,null,null
LEGAS,null,null,null,null,null
LEGON,null,null,null,null,null
LEIAN,null,null,null,null,null
LEIAS,null,null,null,null,null
LEIDA,null,null,null,null,null
LEIDO,null,null,null,null,null
LEJIA,null,null,null,null,null
LEJIO,null,null,null,null,null
LEMAN,null,null,null,null,null
LEMUR,null,null,null,null,null
LENES,null,null,null,null,null
LENON,null,null,null,null,null
LEÑAD,null,null,null,null,null
LEÑAN,null,null,null,null,null
LEÑEN,null,null,null,null,null
LEÑES,null,null,null,null,null
LETON,null,null,null,null,null
LEVAS,null,null,null,null,null
LEVES,null,null,null,null,null
LIBER,null,null,null,null,null
LIBON,null,null,null,null,null
LIDER,null,null,null,null,null
LIDON,null,null,null,null,null
LIGAS,null,null,null,null,null
LIGIO,null,null,null,null,null
LIGON,null,null,null,null,null
LIJAS,null,null,null,null,null
LIMAS,null,null,null,null,null
LIMON,null,null,null,null,null
LINON,null,null,null,null,null
LIPES,null,null,null,null,null
LIPIS,null,null,null,null,null
LIPON,null,null,null,null,null
LIRON,null,null,null,null,null
LISAS,null,null,null,null,null
LISES,null,null,null,null,null
LITAS,null,null,null,null,null
LITES,null,null,null,null,null
LLOVE,null,null,null,null,null
LLOVI,null,null,null,null,null
LOAIS,null,null,null,null,null
LOBAS,null,null,null,null,null
LODON,null,null,null,null,null
LOEIS,null,null,null,null,null
LOGIS,null,null,null,null,null
LOINO,null,null,null,null,null
LORAS,null,null,null,null,null
LOSAS,null,null,null,null,null
LOTIN,null,null,null,null,null
LUCES,null,null,null,null,null
LUCIS,null,null,null,null,null
LUDIE,null,null,null,null,null
LUDIS,null,null,null,null,null
LUIAN,null,null,null,null,null
LUIAS,null,null,null,null,null
LUIRA,null,null,null,null,null
LUIRE,null,null,null,null,null
LULUS,null,null,null,null,null
LUTEA,null,null,null,null,null
LUTEO,null,null,null,null,null
LUXES,null,null,null,null,null
MABIS,null,null,null,null,null
MACAS,null,null,null,null,null
MACIO,null,null,null,null,null
MACON,null,null,null,null,null
MACUA,null,null,null,null,null
MAGIN,null,null,null,null,null
MAGUE,null,null,null,null,null
MAHON,null,null,null,null,null
MAIDO,null,null,null,null,null
MAJAS,null,null,null,null,null
MAJES,null,null,null,null,null
MALAS,null,null,null,null,null
MALIS,null,null,null,null,null
MALON,null,null,null,null,null
MALVE,null,null,null,null,null
MALVO,null,null,null,null,null
MAMAS,null,null,null,null,null
MAMBI,null,null,null,null,null
MAMES,null,null,null,null,null
MAMIA,null,null,null,null,null
MAMON,null,null,null,null,null
MAMUA,null,null,null,null,null
MANAS,null,null,null,null,null
MANDI,null,null,null,null,null
MANIA,null,null,null,null,null
MANIO,null,null,null,null,null
MANIS,null,null,null,null,null
MANUS,null,null,null,null,null
MAÑAS,null,null,null,null,null
MAÑIO,null,null,null,null,null
MAORI,null,null,null,null,null
MARCI,null,null,null,null,null
MARIA,null,null,null,null,null
MARON,null,null,null,null,null
MASAS,null,null,null,null,null
MASES,null,null,null,null,null
MASIA,null,null,null,null,null
MASON,null,null,null,null,null
MATAS,null,null,null,null,null
MATON,null,null,null,null,null
MAYAN,null,null,null,null,null
MAYAS,null,null,null,null,null
MAYEN,null,null,null,null,null
MAYES,null,null,null,null,null
MAZAS,null,null,null,null,null
MBAYA,null,null,null,null,null
MEAIS,null,null,null,null,null
MECAS,null,null,null,null,null
MECIA,null,null,null,null,null
MECIO,null,null,null,null,null
MEDAS,null,null,null,null,null
MEDIS,null,null,null,null,null
MEEIS,null,null,null,null,null
MEGAS,null,null,null,null,null
MEJIA,null,null,null,null,null
MEJIO,null,null,null,null,null
MELCA,null,null,null,null,null
MELON,null,null,null,null,null
MEMAS,null,null,null,null,null
MENAS,null,null,null,null,null
MENES,null,null,null,null,null
MENSU,null,null,null,null,null
MENTI,null,null,null,null,null
MENUS,null,null,null,null,null
MERAS,null,null,null,null,null
MESON,null,null,null,null,null
METAS,null,null,null,null,null
METIA,null,null,null,null,null
METIO,null,null,null,null,null
MIAGA,null,null,null,null,null
MIAGO,null,null,null,null,null
MICAS,null,null,null,null,null
MIDAS,null,null,null,null,null
MIDIO,null,null,null,null,null
MIGAS,null,null,null,null,null
MILAN,null,null,null,null,null
MIMES,null,null,null,null,null
MINAS,null,null,null,null,null
MINUE,null,null,null,null,null
MIÑON,null,null,null,null,null
MIRAS,null,null,null,null,null
MIRES,null,null,null,null,null
MIRON,null,null,null,null,null
MISAS,null,null,null,null,null
MITAN,null,null,null,null,null
MITON,null,null,null,null,null
MOAIS,null,null,null,null,null
MOARE,null,null,null,null,null
MOCAS,null,null,null,null,null
MODEM,null,null,null,null,null
MOFAS,null,null,null,null,null
MOGON,null,null,null,null,null
MOHIN,null,null,null,null,null
MOHUR,null,null,null,null,null
MOJES,null,null,null,null,null
MOJIL,null,null,null,null,null
MOJIS,null,null,null,null,null
MOJON,null,null,null,null,null
MOLAS,null,null,null,null,null
MOLES,null,null,null,null,null
MOLIA,null,null,null,null,null
MOLIO,null,null,null,null,null
MOLON,null,null,null,null,null
MONAS,null,null,null,null,null
MONFI,null,null,null,null,null
MOÑON,null,null,null,null,null
MOPAN,null,null,null,null,null
MORAS,null,null,null,null,null
MORDE,null,null,null,null,null
MORDI,null,null,null,null,null
MOREA,null,null,null,null,null
MOREO,null,null,null,null,null
MORIA,null,null,null,null,null
MORIS,null,null,null,null,null
MORON,null,null,null,null,null
MOSEN,null,null,null,null,null
MOSTE,null,null,null,null,null
MOTAS,null,null,null,null,null
MOTIN,null,null,null,null,null
MOTON,null,null,null,null,null
MOVES,null,null,null,null,null
MOVIA,null,null,null,null,null
MOVIL,null,null,null,null,null
MOVIO,null,null,null,null,null
MOXTE,null,null,null,null,null
MUARE,null,null,null,null,null
MUCAS,null,null,null,null,null
MUDAS,null,null,null,null,null
MUFTI,null,null,null,null,null
MUGAS,null,null,null,null,null
MUGIA,null,null,null,null,null
MUGIL,null,null,null,null,null
MUGIO,null,null,null,null,null
MUGIS,null,null,null,null,null
MUIAN,null,null,null,null,null
MUIAS,null,null,null,null,null
MUIDA,null,null,null,null,null
MUIDO,null,null,null,null,null
MUIRA,null,null,null,null,null
MUIRE,null,null,null,null,null
MUJOL,null,null,null,null,null
MULAS,null,null,null,null,null
MULEO,null,null,null,null,null
MULLI,null,null,null,null,null
MUÑIA,null,null,null,null,null
MUÑIS,null,null,null,null,null
MUÑON,null,null,null,null,null
MURAS,null,null,null,null,null
MURES,null,null,null,null,null
MURIO,null,null,null,null,null
MUSAN,null,null,null,null,null
MUSAS,null,null,null,null,null
MUSEN,null,null,null,null,null
MUSIA,null,null,null,null,null
MUSIO,null,null,null,null,null
MUSIS,null,null,null,null,null
MUTAS,null,null,null,null,null
MUTRA,null,null,null,null,null
MUTRO,null,null,null,null,null
MUYAN,null,null,null,null,null
MUYAS,null,null,null,null,null
MUYEN,null,null,null,null,null
MUYES,null,null,null,null,null
NABIS,null,null,null,null,null
NACAR,null,null,null,null,null
NACIA,null,null,null,null,null
NACIO,null,null,null,null,null
NADAS,null,null,null,null,null
NAFRE,null,null,null,null,null
NAFRO,null,null,null,null,null
NANSU,null,null,null,null,null
NANTA,null,null,null,null,null
NANTE,null,null,null,null,null
NANTO,null,null,null,null,null
NAPAS,null,null,null,null,null
NAQUE,null,null,null,null,null
NASON,null,null,null,null,null
NATAS,null,null,null,null,null
NATIA,null,null,null,null,null
NATIO,null,null,null,null,null
NAVIO,null,null,null,null,null
NEBIS,null,null,null,null,null
NEBLI,null,null,null,null,null
NEGAS,null,null,null,null,null
NEGUE,null,null,null,null,null
NERON,null,null,null,null,null
NEVAS,null,null,null,null,null
NIEGO,null,null,null,null,null
NILON,null,null,null,null,null
NIPON,null,null,null,null,null
NIVEA,null,null,null,null,null
NIVEO,null,null,null,null,null
NOVAS,null,null,null,null,null
OBELO,null,null,null,null,null
OBICE,null,null,null,null,null
OBITO,null,null,null,null,null
OBOLO,null,null,null,null,null
OBRAS,null,null,null,null,null
OBSTO,null,null,null,null,null
OBTEN,null,null,null,null,null
OBUES,null,null,null,null,null
OCLUI,null,null,null,null,null
ODEON,null,null,null,null,null
OIAIS,null,null,null,null,null
OIBLE,null,null,null,null,null
OIDAS,null,null,null,null,null
OIDIO,null,null,null,null,null
OIDOS,null,null,null,null,null
OIMOS,null,null,null,null,null
OIRAN,null,null,null,null,null
OIRAS,null,null,null,null,null
OIRIA,null,null,null,null,null
OISLO,null,null,null,null,null
OISTE,null,null,null,null,null
OLAIS,null,null,null,null,null
OLAJE,null,null,null,null,null
OLEIS,null,null,null,null,null
OLERE,null,null,null,null,null
OLIAN,null,null,null,null,null
OLIAS,null,null,null,null,null
OMANI,null,null,null,null,null
OMBUS,null,null,null,null,null
OMITI,null,null,null,null,null
ONECE,null,null,null,null,null
ONECI,null,null,null,null,null
ONICE,null,null,null,null,null
OPALO,null,null,null,null,null
ORAIS,null,null,null,null,null
ORALE,null,null,null,null,null
OREAS,null,null,null,null,null
OREIS,null,null,null,null,null
ORIES,null,null,null,null,null
ORLAS,null,null,null,null,null
ORNEA,null,null,null,null,null
ORNEE,null,null,null,null,null
ORNEO,null,null,null,null,null
ORZAS,null,null,null,null,null
OSAIS,null,null,null,null,null
OSEIS,null,null,null,null,null
OSEOS,null,null,null,null,null
OTILA,null,null,null,null,null
OTILE,null,null,null,null,null
OTILO,null,null,null,null,null
OVAIS,null,null,null,null,null
OVEIS,null,null,null,null,null
OVIDO,null,null,null,null,null
OVOLO,null,null,null,null,null
OZONA,null,null,null,null,null
PACAS,null,null,null,null,null
PACES,null,null,null,null,null
PACIA,null,null,null,null,null
PACIO,null,null,null,null,null
PACON,null,null,null,null,null
PACUS,null,null,null,null,null
PAGAS,null,null,null,null,null
PAJON,null,null,null,null,null
PALEO,null,null,null,null,null
PALON,null,null,null,null,null
PANJI,null,null,null,null,null
PAPAS,null,null,null,null,null
PAPES,null,null,null,null,null
PAPIN,null,null,null,null,null
PAPON,null,null,null,null,null
PAPUA,null,null,null,null,null
PAPUS,null,null,null,null,null
PARAN,null,null,null,null,null
PARAS,null,null,null,null,null
PAREN,null,null,null,null,null
PARES,null,null,null,null,null
PARIS,null,null,null,null,null
PARNE,null,null,null,null,null
PARTI,null,null,null,null,null
PASAS,null,null,null,null,null
PASES,null,null,null,null,null
PATAN,null,null,null,null,null
PATER,null,null,null,null,null
PATIN,null,null,null,null,null
PATIS,null,null,null,null,null
PATON,null,null,null,null,null
PAUJI,null,null,null,null,null
PAVAS,null,null,null,null,null
PAVES,null,null,null,null,null
PAVIA,null,null,null,null,null
PAVON,null,null,null,null,null
PAYAS,null,null,null,null,null
PEAIS,null,null,null,null,null
PECAS,null,null,null,null,null
PECES,null,null,null,null,null
PEDIS,null,null,null,null,null
PEEIS,null,null,null,null,null
PEERA,null,null,null,null,null
PEERE,null,null,null,null,null
PEGAS,null,null,null,null,null
PEGON,null,null,null,null,null
PEIAN,null,null,null,null,null
PEORA,null,null,null,null,null
PEPON,null,null,null,null,null
PEPUS,null,null,null,null,null
PERDE,null,null,null,null,null
PERDI,null,null,null,null,null
PERUS,null,null,null,null,null
PESAS,null,null,null,null,null
PESOL,null,null,null,null,null
PEZON,null,null,null,null,null
PICAS,null,null,null,null,null
PICEA,null,null,null,null,null
PICEO,null,null,null,null,null
PICON,null,null,null,null,null
PIDIO,null,null,null,null,null
PIDON,null,null,null,null,null
PIJIN,null,null,null,null,null
PILAS,null,null,null,null,null
PILEO,null,null,null,null,null
PILON,null,null,null,null,null
PINAS,null,null,null,null,null
PIÑEN,null,null,null,null,null
PIÑON,null,null,null,null,null
PIPAS,null,null,null,null,null
PIPES,null,null,null,null,null
PIPIA,null,null,null,null,null
PIPIE,null,null,null,null,null
PIPIO,null,null,null,null,null
PIPON,null,null,null,null,null
PIRAS,null,null,null,null,null
PIRON,null,null,null,null,null
PIRRI,null,null,null,null,null
PIRUS,null,null,null,null,null
PISAS,null,null,null,null,null
PISES,null,null,null,null,null
PISON,null,null,null,null,null
PITAS,null,null,null,null,null
PITES,null,null,null,null,null
PITON,null,null,null,null,null
PIULA,null,null,null,null,null
PIULE,null,null,null,null,null
PIULO,null,null,null,null,null
PIVOT,null,null,null,null,null
PLACI,null,null,null,null,null
PLAÑI,null,null,null,null,null
PLEGA,null,null,null,null,null
PLEGO,null,null,null,null,null
POBLA,null,null,null,null,null
POBLE,null,null,null,null,null
POBLO,null,null,null,null,null
PODAS,null,null,null,null,null
PODIA,null,null,null,null,null
PODON,null,null,null,null,null
PODRA,null,null,null,null,null
POINO,null,null,null,null,null
POLEX,null,null,null,null,null
POLIN,null,null,null,null,null
POMEZ,null,null,null,null,null
PONCI,null,null,null,null,null
PONES,null,null,null,null,null
PONEY,null,null,null,null,null
PONIA,null,null,null,null,null
POPAS,null,null,null,null,null
POPES,null,null,null,null,null
POPOS,null,null,null,null,null
POPTI,null,null,null,null,null
PORGA,null,null,null,null,null
PORGO,null,null,null,null,null
POSAS,null,null,null,null,null
POSEI,null,null,null,null,null
POSES,null,null,null,null,null
POSON,null,null,null,null,null
POTAS,null,null,null,null,null
POTEA,null,null,null,null,null
POTEE,null,null,null,null,null
POTEO,null,null,null,null,null
POTES,null,null,null,null,null
POYAS,null,null,null,null,null
PREVE,null,null,null,null,null
PREVI,null,null,null,null,null
PROBE,null,null,null,null,null
PROIS,null,null,null,null,null
PROIZ,null,null,null,null,null
PSIES,null,null,null,null,null
PUBER,null,null,null,null,null
PUDIO,null,null,null,null,null
PUDRA,null,null,null,null,null
PUDRE,null,null,null,null,null
PUDRI,null,null,null,null,null
PUDRO,null,null,null,null,null
PUGIL,null,null,null,null,null
PUJAS,null,null,null,null,null
PULIA,null,null,null,null,null
PULIO,null,null,null,null,null
PULIS,null,null,null,null,null
PUNAR,null,null,null,null,null
PUNAS,null,null,null,null,null
PUNGI,null,null,null,null,null
PUNIA,null,null,null,null,null
PUNIO,null,null,null,null,null
PUNIS,null,null,null,null,null
PUPAS,null,null,null,null,null
PURES,null,null,null,null,null
PURIN,null,null,null,null,null
PURRA,null,null,null,null,null
PURRE,null,null,null,null,null
PURRI,null,null,null,null,null
PURRO,null,null,null,null,null
PUTON,null,null,null,null,null
PUYAS,null,null,null,null,null
PUYON,null,null,null,null,null
QUEMI,null,null,null,null,null
QUEPI,null,null,null,null,null
QUERE,null,null,null,null,null
QUIAS,null,null,null,null,null
QUIFS,null,null,null,null,null
QUIOS,null,null,null,null,null
QUIZA,null,null,null,null,null
RABIS,null,null,null,null,null
RABON,null,null,null,null,null
RACHE,null,null,null,null,null
RACHO,null,null,null,null,null
RADON,null,null,null,null,null
RAEIS,null,null,null,null,null
RAERA,null,null,null,null,null
RAMON,null,null,null,null,null
RAMOS,null,null,null,null,null
RAPAS,null,null,null,null,null
RAPES,null,null,null,null,null
RARAS,null,null,null,null,null
RASAN,null,null,null,null,null
RASAS,null,null,null,null,null
RASEN,null,null,null,null,null
RASES,null,null,null,null,null
RASIS,null,null,null,null,null
RATON,null,null,null,null,null
RAULI,null,null,null,null,null
RAYAN,null,null,null,null,null
RAYAS,null,null,null,null,null
RAYON,null,null,null,null,null
RAZON,null,null,null,null,null
REBUS,null,null,null,null,null
RECAI,null,null,null,null,null
REDES,null,null,null,null,null
REGAS,null,null,null,null,null
REGIS,null,null,null,null,null
REGUE,null,null,null,null,null
REHEN,null,null,null,null,null
REHUI,null,null,null,null,null
REHUS,null,null,null,null,null
REIAN,null,null,null,null,null
REIAS,null,null,null,null,null
REIDA,null,null,null,null,null
REIDO,null,null,null,null,null
REILA,null,null,null,null,null
REILE,null,null,null,null,null
REILO,null,null,null,null,null
REIRA,null,null,null,null,null
REIRE,null,null,null,null,null
REJIN,null,null,null,null,null
REJON,null,null,null,null,null
REJUS,null,null,null,null,null
RELEI,null,null,null,null,null
RELES,null,null,null,null,null
REMAS,null,null,null,null,null
RENDI,null,null,null,null,null
RENIL,null,null,null,null,null
REÑIA,null,null,null,null,null
REÑIS,null,null,null,null,null
REPON,null,null,null,null,null
RETIN,null,null,null,null,null
REUNA,null,null,null,null,null
REUNE,null,null,null,null,null
REUNI,null,null,null,null,null
REUNO,null,null,null,null,null
REVEN,null,null,null,null,null
REVES,null,null,null,null,null
REVIO,null,null,null,null,null
REYES,null,null,null,null,null
REZON,null,null,null,null,null
RICAS,null,null,null,null,null
RIFAS,null,null,null,null,null
RIGIO,null,null,null,null,null
RIGUE,null,null,null,null,null
RIJAS,null,null,null,null,null
RIMAS,null,null,null,null,null
RIMEL,null,null,null,null,null
RIMUS,null,null,null,null,null
RIÑAS,null,null,null,null,null
RIÑON,null,null,null,null,null
RITON,null,null,null,null,null
RIZAS,null,null,null,null,null
RIZON,null,null,null,null,null
ROAIS,null,null,null,null,null
ROBIN,null,null,null,null,null
ROCAS,null,null,null,null,null
ROCEA,null,null,null,null,null
ROCEE,null,null,null,null,null
ROCEO,null,null,null,null,null
ROCES,null,null,null,null,null
ROCIA,null,null,null,null,null
ROCIE,null,null,null,null,null
ROCIN,null,null,null,null,null
ROCIO,null,null,null,null,null
RODAS,null,null,null,null,null
ROEIS,null,null,null,null,null
ROERA,null,null,null,null,null
ROERE,null,null,null,null,null
ROGAS,null,null,null,null,null
ROGUE,null,null,null,null,null
ROIAN,null,null,null,null,null
ROIAS,null,null,null,null,null
ROIDA,null,null,null,null,null
ROIDO,null,null,null,null,null
ROLAS,null,null,null,null,null
ROLES,null,null,null,null,null
ROMAN,null,null,null,null,null
ROMIN,null,null,null,null,null
ROMIS,null,null,null,null,null
ROMPI,null,null,null,null,null
ROÑAD,null,null,null,null,null
ROÑAN,null,null,null,null,null
ROÑEN,null,null,null,null,null
ROÑES,null,null,null,null,null
ROÑIA,null,null,null,null,null
ROPON,null,null,null,null,null
ROSAS,null,null,null,null,null
ROSES,null,null,null,null,null
ROSON,null,null,null,null,null
ROSTI,null,null,null,null,null
ROTAS,null,null,null,null,null
ROTOS,null,null,null,null,null
ROYAS,null,null,null,null,null
ROZAS,null,null,null,null,null
ROZON,null,null,null,null,null
RUBEA,null,null,null,null,null
RUBEO,null,null,null,null,null
RUBIN,null,null,null,null,null
RUBIS,null,null,null,null,null
RUCAD,null,null,null,null,null
RUCAN,null,null,null,null,null
RUCAS,null,null,null,null,null
RUDAS,null,null,null,null,null
RUFON,null,null,null,null,null
RUGAS,null,null,null,null,null
RUGIA,null,null,null,null,null
RUGIO,null,null,null,null,null
RUGIS,null,null,null,null,null
RUJIA,null,null,null,null,null
RUJIE,null,null,null,null,null
RUJIO,null,null,null,null,null
RULAS,null,null,null,null,null
RUMIS,null,null,null,null,null
RUNAS,null,null,null,null,null
RUÑAN,null,null,null,null,null
RUÑAS,null,null,null,null,null
RUÑEN,null,null,null,null,null
RUÑES,null,null,null,null,null
RUÑIA,null,null,null,null,null
RUÑIS,null,null,null,null,null
RUQUE,null,null,null,null,null
RURRU,null,null,null,null,null
RUSTI,null,null,null,null,null
RUTAD,null,null,null,null,null
RUTAN,null,null,null,null,null
RUTEN,null,null,null,null,null
RUTES,null,null,null,null,null
SABRA,null,null,null,null,null
SACAS,null,null,null,null,null
SACON,null,null,null,null,null
SALON,null,null,null,null,null
SALTE,null,null,null,null,null
SAMAN,null,null,null,null,null
SANAS,null,null,null,null,null
SANJA,null,null,null,null,null
SANJE,null,null,null,null,null
SANJO,null,null,null,null,null
SAPAS,null,null,null,null,null
SARAN,null,null,null,null,null
SARIA,null,null,null,null,null
SATAN,null,null,null,null,null
SATEN,null,null,null,null,null
SATIN,null,null,null,null,null
SAUDI,null,null,null,null,null
SAXEA,null,null,null,null,null
SAXEO,null,null,null,null,null
SAYON,null,null,null,null,null
SAZON,null,null,null,null,null
SEAIS,null,null,null,null,null
SECAS,null,null,null,null,null
SECON,null,null,null,null,null
SEDAS,null,null,null,null,null
SEDES,null,null,null,null,null
SEGRI,null,null,null,null,null
SEGUE,null,null,null,null,null
SEGUI,null,null,null,null,null
SEGUN,null,null,null,null,null
SEIBO,null,null,null,null,null
SENTA,null,null,null,null,null
SENTE,null,null,null,null,null
SENTI,null,null,null,null,null
SENTO,null,null,null,null,null
SEÑAS,null,null,null,null,null
SERAN,null,null,null,null,null
SERON,null,null,null,null,null
SERRA,null,null,null,null,null
SERRE,null,null,null,null,null
SERRO,null,null,null,null,null
SERVI,null,null,null,null,null
SESEN,null,null,null,null,null
SESIL,null,null,null,null,null
SESIS,null,null,null,null,null
SIDAS,null,null,null,null,null
SIFON,null,null,null,null,null
SIFUE,null,null,null,null,null
SIJUS,null,null,null,null,null
SILEX,null,null,null,null,null
SIMIL,null,null,null,null,null
SIMON,null,null,null,null,null
SIMUN,null,null,null,null,null
SIRIN,null,null,null,null,null
SISAS,null,null,null,null,null
SISON,null,null,null,null,null
SITUA,null,null,null,null,null
SITUE,null,null,null,null,null
SITUO,null,null,null,null,null
SOBAS,null,null,null,null,null
SOBON,null,null,null,null,null
SOFAS,null,null,null,null,null
SOFIS,null,null,null,null,null
SOGUN,null,null,null,null,null
SOLDA,null,null,null,null,null
SOLDE,null,null,null,null,null
SOLDO,null,null,null,null,null
SOLEN,null,null,null,null,null
SOLIA,null,null,null,null,null
SOLTA,null,null,null,null,null
SOLTE,null,null,null,null,null
SOLTO,null,null,null,null,null
SOMOS,null,null,null,null,null
SONAS,null,null,null,null,null
SOÑAS,null,null,null,null,null
SOPAS,null,null,null,null,null
SOPIE,null,null,null,null,null
SOPON,null,null,null,null,null
SORBI,null,null,null,null,null
SOROR,null,null,null,null,null
SOSAS,null,null,null,null,null
SOTAD,null,null,null,null,null
SOTAN,null,null,null,null,null
SOTEN,null,null,null,null,null
SUBAS,null,null,null,null,null
SUBIA,null,null,null,null,null
SUBIO,null,null,null,null,null
SUBIS,null,null,null,null,null
SUDES,null,null,null,null,null
SUELE,null,null,null,null,null
SUFIS,null,null,null,null,null
SUFRI,null,null,null,null,null
SUITA,null,null,null,null,null
SUIZA,null,null,null,null,null
SUMAN,null,null,null,null,null
SUMAS,null,null,null,null,null
SUMEN,null,null,null,null,null
SUMES,null,null,null,null,null
SUMIA,null,null,null,null,null
SUMIO,null,null,null,null,null
SUMIS,null,null,null,null,null
SUPLI,null,null,null,null,null
SUPON,null,null,null,null,null
SURDI,null,null,null,null,null
SURGI,null,null,null,null,null
SURTI,null,null,null,null,null
SUSES,null,null,null,null,null
SUTAS,null,null,null,null,null
SUZON,null,null,null,null,null
TABIS,null,null,null,null,null
TABON,null,null,null,null,null
TABUS,null,null,null,null,null
TACET,null,null,null,null,null
TACON,null,null,null,null,null
TAFON,null,null,null,null,null
TAHUR,null,null,null,null,null
TAINO,null,null,null,null,null
TAJAS,null,null,null,null,null
TAJIN,null,null,null,null,null
TAJON,null,null,null,null,null
TAJUS,null,null,null,null,null
TALAS,null,null,null,null,null
TALEA,null,null,null,null,null
TALES,null,null,null,null,null
TALIN,null,null,null,null,null
TALON,null,null,null,null,null
TANGI,null,null,null,null,null
TAÑAN,null,null,null,null,null
TAÑAS,null,null,null,null,null
TAÑEN,null,null,null,null,null
TAÑES,null,null,null,null,null
TAÑIA,null,null,null,null,null
TAPAS,null,null,null,null,null
TAPES,null,null,null,null,null
TAPIN,null,null,null,null,null
TAPON,null,null,null,null,null
TARAS,null,null,null,null,null
TARIN,null,null,null,null,null
TEFES,null,null,null,null,null
TEGUE,null,null,null,null,null
TEHUL,null,null,null,null,null
TEINA,null,null,null,null,null
TEJAN,null,null,null,null,null
TEJAS,null,null,null,null,null
TEJEN,null,null,null,null,null
TEJES,null,null,null,null,null
TEJIA,null,null,null,null,null
TEJIO,null,null,null,null,null
TEJON,null,null,null,null,null
TELEX,null,null,null,null,null
TELON,null,null,null,null,null
TEMAN,null,null,null,null,null
TEMAS,null,null,null,null,null
TEMEN,null,null,null,null,null
TEMES,null,null,null,null,null
TEMIA,null,null,null,null,null
TEMIO,null,null,null,null,null
TENDE,null,null,null,null,null
TENDI,null,null,null,null,null
TENES,null,null,null,null,null
TENIO,null,null,null,null,null
TENTA,null,null,null,null,null
TENTO,null,null,null,null,null
TEÑIA,null,null,null,null,null
TEÑIS,null,null,null,null,null
TEPUS,null,null,null,null,null
TESAS,null,null,null,null,null
TESON,null,null,null,null,null
TETAS,null,null,null,null,null
TETES,null,null,null,null,null
TETON,null,null,null,null,null
TEYUS,null,null,null,null,null
TIBAR,null,null,null,null,null
TIFON,null,null,null,null,null
TIGUE,null,null,null,null,null
TILIN,null,null,null,null,null
TIMON,null,null,null,null,null
TINEA,null,null,null,null,null
TIÑAS,null,null,null,null,null
TIPAS,null,null,null,null,null
TIQUI,null,null,null,null,null
TIRAS,null,null,null,null,null
TIRON,null,null,null,null,null
TISUS,null,null,null,null,null
TITAD,null,null,null,null,null
TITAN,null,null,null,null,null
TITEN,null,null,null,null,null
TITES,null,null,null,null,null
TIZON,null,null,null,null,null
TOAIS,null,null,null,null,null
TOCAS,null,null,null,null,null
TOCEN,null,null,null,null,null
TOCES,null,null,null,null,null
TOCON,null,null,null,null,null
TODIA,null,null,null,null,null
TOEIS,null,null,null,null,null
TOGAS,null,null,null,null,null
TOLES,null,null,null,null,null
TOLON,null,null,null,null,null
TOMAS,null,null,null,null,null
TOMIN,null,null,null,null,null
TOMON,null,null,null,null,null
TONAS,null,null,null,null,null
TONCA,null,null,null,null,null
TONER,null,null,null,null,null
TONES,null,null,null,null,null
TOPAS,null,null,null,null,null
TOPES,null,null,null,null,null
TOPON,null,null,null,null,null
TORAX,null,null,null,null,null
TORCI,null,null,null,null,null
TORES,null,null,null,null,null
TORON,null,null,null,null,null
TOSAS,null,null,null,null,null
TOSES,null,null,null,null,null
TOSIA,null,null,null,null,null
TOSIO,null,null,null,null,null
TOSTA,null,null,null,null,null
TOSTE,null,null,null,null,null
TOSTO,null,null,null,null,null
TOTEM,null,null,null,null,null
TOTIS,null,null,null,null,null
TOZAD,null,null,null,null,null
TOZAN,null,null,null,null,null
TOZAS,null,null,null,null,null
TRAIA,null,null,null,null,null
TREMA,null,null,null,null,null
TREME,null,null,null,null,null
TREMI,null,null,null,null,null
TREMO,null,null,null,null,null
TREPO,null,null,null,null,null
TRIAN,null,null,null,null,null
TRIEN,null,null,null,null,null
TRIOS,null,null,null,null,null
TRONE,null,null,null,null,null
TUCAN,null,null,null,null,null
TUCIA,null,null,null,null,null
TUCUN,null,null,null,null,null
TULES,null,null,null,null,null
TULLI,null,null,null,null,null
TUNAS,null,null,null,null,null
TUNDI,null,null,null,null,null
TUNEL,null,null,null,null,null
TUNES,null,null,null,null,null
TUPAS,null,null,null,null,null
TUPIA,null,null,null,null,null
TUPIN,null,null,null,null,null
TUPIO,null,null,null,null,null
TUPIS,null,null,null,null,null
TURON,null,null,null,null,null
TUSAS,null,null,null,null,null
TUSES,null,null,null,null,null
TUSON,null,null,null,null,null
TUTIA,null,null,null,null,null
TUTUS,null,null,null,null,null
TUYAS,null,null,null,null,null
UBIES,null,null,null,null,null
UGRES,null,null,null,null,null
UJULE,null,null,null,null,null
UNAIS,null,null,null,null,null
UNCIO,null,null,null,null,null
UNCIS,null,null,null,null,null
UNGIA,null,null,null,null,null
UNGIO,null,null,null,null,null
UNGIS,null,null,null,null,null
UNIAN,null,null,null,null,null
UNIAS,null,null,null,null,null
UNICA,null,null,null,null,null
UNICO,null,null,null,null,null
UNION,null,null,null,null,null
UNIRA,null,null,null,null,null
UNIRE,null,null,null,null,null
UÑAIS,null,null,null,null,null
UÑIAN,null,null,null,null,null
UÑIAS,null,null,null,null,null
USAIS,null,null,null,null,null
USEIS,null,null,null,null,null
USIAS,null,null,null,null,null
UTERO,null,null,null,null,null
UVEAS,null,null,null,null,null
UVULA,null,null,null,null,null
VACAS,null,null,null,null,null
VACIA,null,null,null,null,null
VACIE,null,null,null,null,null
VACIO,null,null,null,null,null
VAFEA,null,null,null,null,null
VAFEE,null,null,null,null,null
VAFEO,null,null,null,null,null
VAGAS,null,null,null,null,null
VAGON,null,null,null,null,null
VAIDA,null,null,null,null,null
VALES,null,null,null,null,null
VALET,null,null,null,null,null
VALIA,null,null,null,null,null
VALIO,null,null,null,null,null
VALIS,null,null,null,null,null
VALON,null,null,null,null,null
VALUA,null,null,null,null,null
VALUE,null,null,null,null,null
VALUO,null,null,null,null,null
VARAS,null,null,null,null,null
VARIE,null,null,null,null,null
VARIS,null,null,null,null,null
VARON,null,null,null,null,null
VATER,null,null,null,null,null
VAYAS,null,null,null,null,null
VEAIS,null,null,null,null,null
VECES,null,null,null,null,null
VEDAS,null,null,null,null,null
VEIAN,null,null,null,null,null
VEIAS,null,null,null,null,null
VELAS,null,null,null,null,null
VELES,null,null,null,null,null
VELIS,null,null,null,null,null
VELON,null,null,null,null,null
VELOS,null,null,null,null,null
VENCI,null,null,null,null,null
VENDE,null,null,null,null,null
VENDI,null,null,null,null,null
VENGA,null,null,null,null,null
VENGO,null,null,null,null,null
VENIS,null,null,null,null,null
VENTE,null,null,null,null,null
VENTO,null,null,null,null,null
VERAN,null,null,null,null,null
VERGE,null,null,null,null,null
VERIA,null,null,null,null,null
VERMU,null,null,null,null,null
VEROS,null,null,null,null,null
VERSE,null,null,null,null,null
VERTI,null,null,null,null,null
VESTI,null,null,null,null,null
VETAS,null,null,null,null,null
VETON,null,null,null,null,null
VEZAS,null,null,null,null,null
VICOS,null,null,null,null,null
VIDON,null,null,null,null,null
VIGIA,null,null,null,null,null
VIGIE,null,null,null,null,null
VIGIO,null,null,null,null,null
VILES,null,null,null,null,null
VIOLE,null,null,null,null,null
VIOLO,null,null,null,null,null
VIRAS,null,null,null,null,null
VIREO,null,null,null,null,null
VIRON,null,null,null,null,null
VISAS,null,null,null,null,null
VISES,null,null,null,null,null
VISON,null,null,null,null,null
VISTE,null,null,null,null,null
VITOR,null,null,null,null,null
VIVAN,null,null,null,null,null
VIVAS,null,null,null,null,null
VIVEN,null,null,null,null,null
VIVES,null,null,null,null,null
VIVIA,null,null,null,null,null
VIVIO,null,null,null,null,null
VIVIS,null,null,null,null,null
VIVON,null,null,null,null,null
VOACE,null,null,null,null,null
VODUS,null,null,null,null,null
VOLAS,null,null,null,null,null
VOLCA,null,null,null,null,null
VOLCO,null,null,null,null,null
VOLON,null,null,null,null,null
VOLVE,null,null,null,null,null
VOLVI,null,null,null,null,null
VOMER,null,null,null,null,null
VUDUS,null,null,null,null,null
XENON,null,null,null,null,null
YACIA,null,null,null,null,null
YACON,null,null,null,null,null
YAITI,null,null,null,null,null
YALES,null,null,null,null,null
YAPAS,null,null,null,null,null
YAPUS,null,null,null,null,null
YAQUE,null,null,null,null,null
YATAI,null,null,null,null,null
YAYAS,null,null,null,null,null
YESON,null,null,null,null,null
YEYES,null,null,null,null,null
YODES,null,null,null,null,null
YURAS,null,null,null,null,null
YURES,null,null,null,null,null
ZAFAS,null,null,null,null,null
ZAFON,null,null,null,null,null
ZAHEN,null,null,null,null,null
ZAHON,null,null,null,null,null
ZAJON,null,null,null,null,null
ZALAS,null,null,null,null,null
ZAPAS,null,null,null,null,null
ZEGRI,null,null,null,null,null
ZEINA,null,null,null,null,null
ZEJEL,null,null,null,null,null
ZULUS,null,null,null,null,null
