word,status
DICÓTOMO,false
EXPONER,false
DIFLUIR,false
CONCOLÓN,false
MEJORÍA,false
FREÍR,false
SENARIO,false
CONCEDER,false
EMPALAR,false
PERDER,false
CHOSPAR,false
PROFANAR,false
MALVÁCEO,false
ENTORAR,false
REFREGAR,false
CHIAR,false
CUEREAR,false
AGUAR,false
EMPALIZAR,false
PASEÍLLO,false
BICÉFALO,false
POSAR,false
BALEARIO,false
PEDIR,false
PARTIR,false
MACHUCÓN,false
CHISCAR,false
PIMENTÓN,false
ABAJAR,false
ENRUTAR,false
DESECAR,false
CERCAR,false
CARACOLÍ,false
ERÓGENO,false
MERECER,false
IGNÍFERO,false
RECULAR,false
CLERECÍA,false
CLOCAR,false
LIDIAR,false
PUYAR,false
ENARDECER,false
GAMBADO,false
FALLAR,false
RUAR,false
AGOLAR,false
CAUCHAR,false
ACEPAR,false
DESVAÍDO,false
CALDERA,false
ESTORBAR,false
DIFERIR,false
QUILMA,false
ULMÁCEO,false
PEER,false
POCOMAM,false
TRAER,false
FRAZADA,false
VACUNAR,false
GASÓGENO,false
ENLOZAR,false
RETINAR,false
DESHERBAR,false
ZAMBUTIR,false
DESPERNAR,false
EMPÍREO,false
REDARGÜIR,false
CULATEAR,false
IRRUMPIR,false
ATORAR,false
INVADIR,false
ESCAPAR,false
AVEZAR,false
DIBUJAR,false
ENDIÑAR,false
AOJAR,false
SUPONER,false
EGOFONÍA,false
BILIAR,false
VOZARRÓN,false
ATEÍSMO,false
JÁQUIMA,false
EVERTIR,false
MÉTRICO,false
TRILLAR,false
MALACIA,false
ÍNCIPIT,false
REQUEBRAR,false
EVADIR,false
YUQUERÍ,false
OBTENER,false
ARGUELLARSE,false
CONVENIO,false
PECTÍNEO,false
ANONIMIA,false
IMPEDIR,false
NEOTENIA,false
REHERVIR,false
ENFILAR,false
ACALLAR,false
BAMBEAR,false
GORGÓNEO,false
CLÁSTICO,false
CARDAR,false
NOTARIAR,false
ALÓFONO,false
DESALAR,false
PEDANÍA,false
FRAÑER,false
VIRÓSICO,false
GAFEAR,false
OBLIGAR,false
DESPISTE,false
ENLLENAR,false
CASAR,false
GRIETARSE,false
FARDERÍA,false
VENCER,false
AGREDIR,false
SARGENTA,false
HENCHIR,false
DAR,false
TROPELÍA,false
AURÍGERO,false
REÑIR,false
DECIR,false
APÓDOSIS,false
REBOZAR,false
RETEJER,false
DESABRIR,false
ARCAÍSMO,false
AMOBLAR,false
DESIDIA,false
RUMIAR,false
AMAINAR,false
ALFAR,false
BONHOMÍA,false
BAÑAR,false
OPONER,false
APOCAR,false
CUCHUFLÍ,false
FRANGIR,false
CUAJAR,false
INSOLAR,false
EXPANDIDO,false
RESPIGÓN,false
BAJONEAR,false
HUNDIR,false
PLASTRÓN,false
PEGUJAR,false
TROMPICO,false
MIGRAR,false
HELAR,false
ENHILAR,false
ENCELAR,false
PENAR,false
BANDOLÍN,false
ELEGIO,false
PERFUNDIR,false
CARECER,false
SALUDAR,false
ENCADARSE,false
SUCUMBIR,false
BUCÓLICO,false
BOSTICAR,false
SANGÜESO,false
LASCAR,false
ABOGAR,false
SUMERGIDO,false
FILILÍ,false
INFUNDIO,false
EXILIAR,false
RESONAR,false
COCHERÓN,false
SOLDAR,false
ACOSAR,false
NAMORAR,false
ESPÉLTEO,false
APEAR,false
REBITAR,false
ALANZAR,false
PANÍCULO,false
BUZAR,false
EMPAÑAR,false
HUIR,false
ABATANAR,false
BÁSTULO,false
ANTÓNIMO,false
PALMÁCEO,false
RESORBER,false
CIGÜEÑO,false
RESPIRAR,false
BETATRÓN,false
PRELUCIR,false
PESCAR,false
HISPIR,false
ABALLAR,false
AFISTULAR,false
ACENDRAR,false
ENCOÑARSE,false
NUBLAR,false
ENGOMAR,false
CIÁTICO,false
VOCERRÓN,false
SUSCRIBIR,false
CANELINA,false
ALZAR,false
TITÍMALO,false
RECOCER,false
CEBADAR,false
AFECTAR,false
HISOPAR,false
REARMAR,false
RETEÑIR,false
AMATERA,false
GUAJIRO,false
OPACAR,false
ARRIGIRSE,false
ADECUAR,false
CACHAR,false
BRUMAR,false
TIMAR,false
NARRAR,false
DEIFICAR,false
HIJEAR,false
ESPIAR,false
JABELGAR,false
GRISGRÍS,false
ASTURCÓN,false
BALÉNIDO,false
JETEAR,false
BUSIER,false
TAUCAR,false
REPETIR,false
ANIDAR,false
MULÉOLO,false
FARREAR,false
GNETÁCEO,false
ARGÜENDE,false
LUNARIO,false
EMBUTIR,false
MORDER,false
DRIBLAR,false
EQUIPAR,false
CURAR,false
ADAPTAR,false
CUÁQUERO,false
MALÉFICO,false
CUÑAR,false
DIVERTIR,false
GÁNDARA,false
BORUNDÉS,false
MÁRFAGA,false
LITÓFAGO,false
AGRESIÓN,false
RAPAR,false
ZANFONÍA,false
LAMER,false
FRUTEAR,false
MARMÓREO,false
AVENÍCEO,false
COPINAR,false
ESCURAR,false
CANTADO,false
CÍNGARO,false
ABALEAR,false
ATAR,false
ESTACIÓN,false
REENVIAR,false
AGESTIÓN,false
PROVEER,false
REFREÍR,false
MIOLOGÍA,false
OPRIMIDO,false
DEVENIR,false
ARÉVACO,false
GARRIDO,false
ACOLLAR,false
MATACUÁS,false
SUGERIR,false
OPILAR,false
INMISCUIR,false
BASAR,false
LEVÓGIRO,false
RETINGLAR,false
CISCAR,false
IRRITAR,false
BEDELÍA,false
BOTEAR,false
TURMEQUÉ,false
TANGIR,false
ECDÓTICO,false
FLETAR,false
ACARRALAR,false
DESISTIR,false
VERANEAR,false
DEGOLLAR,false
AFÁSICO,false
TULLIR,false
TREMOLÍN,false
GRITERÍA,false
RETOMAR,false
ROPÁLICO,false
IMPÚDICO,false
ASTREÑIR,false
PURGAR,false
GUANQUÍ,false
EMBAÍR,false
PÉRMICO,false
BACHEAR,false
PÓLDER,false
RALVAR,false
EXTENUAR,false
ARBOLAR,false
HERBARIO,false
ACOCHARSE,false
GRIFERÍA,false
CARGUÍO,false
TILINTE,false
EJERCER,false
ESPLENDER,false
ENANCARSE,false
AMECHAR,false
ROER,false
PAQUEAR,false
VALER,false
BAILAR,false
DESCAER,false
COCHEAR,false
VIRÓLOGO,false
DIÁDICO,false
ALOÉTICO,false
HIPÓLOGO,false
PEPENAR,false
SALTAR,false
ARGAYAR,false
TESTEAR,false
CACEAR,false
SACIAR,false
ABRAZAR,false
ASÉPTICO,false
COLISIÓN,false
PREMUNIR,false
MOFLEARSE,false
EDUCIR,false
AFOFARSE,false
BANCAR,false
FRAILUNO,false
CHÉCHERE,false
-ATARIO,false
FACTICIO,false
RELATAR,false
DESTORCER,false
OCTAVAR,false
HABITUAL,false
CAMBIZA,false
SOSAÑAR,false
CHUTAR,false
INHIBIR,false
GNOMÓNICO,false
CRIAR,false
CASACIÓN,false
CALMAR,false
ARENGAR,false
BRINDAR,false
PUTAÍSMO,false
AGRIPAR,false
ABURRIR,false
ENDÉCADA,false
POLÉMICO,false
VICHAR,false
TRANSMITIR,false
ACHACAR,false
CERTERÍA,false
VIAJAR,false
ANSA,false
ARAÑAR,false
APÓCIMA,false
EXENTAR,false
AHUCHAR,false
CHOLLAR,false
TERAPEAR,false
ABITAR,false
ARRANCÓN,false
CAPICATÍ,false
ENVARAR,false
NEGREAR,false
OPÍPARO,false
TITÁNICO,false
APEALAR,false
ABOGACÍA,false
LASTAR,false
ACARAR,false
DROGAR,false
RODEAR,false
ZAHORIAR,false
MASEAR,false
JUZGAR,false
CALVAR,false
ATACAR,false
LLOVER,false
ATREVER,false
PULLAR,false
MACEAR,false
CERTERO,false
NÓRDICO,false
CUANTIAR,false
REGOLDAR,false
BOCETAR,false
ZANGA,false
AFLUIR,false
CARIAR,false
VILLERÍA,false
FEDERAR,false
SALDAR,false
ENMARARSE,false
REMAR,false
ARRECIAR,false
RALEAR,false
FLIPAR,false
ESMUIR,false
PROSEAR,false
CUMULAR,false
TUTORAR,false
SAQUERÍA,false
DUCHAR,false
SALOMAR,false
AMUCHAR,false
INSUMIR,false
IGNORAR,false
REMETER,false
SILÍCICO,false
APIOLAR,false
ESBARIZAR,false
BRAMAR,false
BARAJUSTAR,false
INDICAR,false
ESCOTAR,false
AFIELAR,false
ESPÁTICO,false
AQUEJAR,false
ACAPIZARSE,false
ESPINAR,false
ENVERAR,false
TANTARÁN,false
SEGREGAR,false
CHUPETÍN,false
ENYESAR,false
BOCINAR,false
BRETEAR,false
JAMURAR,false
ENSEÑAR,false
FUEREÑO,false
COLGAR,false
REDITUAL,false
DOTAR,false
DISÉPALO,false
BECAR,false
ENTERCARSE,false
FLUCTUAR,false
AMOLDAR,false
PROHIBIR,false
ATURDIR,false
ALASTRAR,false
PAÑOL,false
DESHACER,false
CREER,false
MODILLÓN,false
PINZAR,false
NESTÓREO,false
BIRICÚ,false
RUMORAR,false
BETÓNICA,false
TRAGONÍA,false
CALACEAR,false
CHOPEAR,false
RECAER,false
DEZMERÍA,false
TONAR,false
ATERIR,false
PIRCAR,false
BRACIL,false
ESPESAR,false
MONICIÓN,false
EYECTAR,false
ARÁNDANO,false
EMBEBER,false
RESEGUIR,false
MANCORNAR,false
DILACIÓN,false
HOLGAR,false
CHAUCHA,false
CROAJAR,false
BOFARSE,false
ATRONAR,false
ANÚTEBA,false
HERRERÓN,false
MASTICAR,false
POLVEARSE,false
MARACANÁ,false
ENTONAR,false
MOQUEAR,false
ESTURAR,false
HÉRNICO,false
CIÉNEGA,false
RAYAR,false
ALOCAR,false
NÍTRICO,false
APROAR,false
ARDER,false
BARBAR,false
FENÓMENO,false
DÍCTICO,false
CENAR,false
BATANAR,false
AMARAR,false
ATRÍPEDO,false
ABSIDAL,false
ABOYAR,false
EPIFANÍA,false
ZAPUZAR,false
HABITUAR,false
SINFONÍA,false
CHANTAR,false
FAENAR,false
BUMBULÓN,false
LECHERÓN,false
BUFAR,false
DESLEÍR,false
TIRAR,false
VIVIR,false
CIZAÑAR,false
PENEIRAR,false
CÉNTIMO,false
TORREJÓN,false
AMALLADAR,false
ALGUARÍN,false
SEÑALAR,false
HOYAR,false
APETECER,false
FRENERÍA,false
DEBER,false
SEGAR,false
TOMEGUÍN,false
FLECHAR,false
CADO,false
ACHICAR,false
TORTEAR,false
CORCUSIR,false
HIBUERO,false
INGERIR,false
UNDÉCIMO,false
PINGÜINO,false
RECOMPONER,false
APLANAR,false
ENGAVETAR,false
SALIVAR,false
ABUCHEAR,false
TOCÓLOGO,false
ACORRER,false
ACHIVARSE,false
SERVIR,false
DIPUTAR,false
PALLAR,false
ACEITOSO,false
ISÓCRONO,false
DRUÍDICO,false
AMORRAR,false
CORVEJÓN,false
REGADÍO,false
SOLAPAR,false
FENECER,false
RODRIGAR,false
ENTUMIDO,false
PUNTEAR,false
IMPROBAR,false
POSICIÓN,false
ARGUINAS,false
PROHIJAR,false
ESCLAFAR,false
CORCOLÉN,false
ERRÓNEO,false
URDIR,false
ENERIZAR,false
CARENAR,false
CERVARIO,false
LEÓNICA,false
ABSOLVER,false
ATENER,false
ASICAR,false
PEGULLÓN,false
JUGUERÍA,false
AGALLARSE,false
FOLIÁCEO,false
BOBINAR,false
VICARIO,false
ALFAQUÍN,false
CANTUSEAR,false
ENTUPIR,false
SANEAR,false
ACOCEAR,false
ACANTEAR,false
CALDEAR,false
ESFOGAR,false
PORTAR,false
OBEDECER,false
OCHAVAR,false
ASERRAR,false
OFICIAR,false
CAER,false
ENSALIVAR,false
ARCAICO,false
PROCEDER,false
COPÉPODO,false
DISTENDER,false
BAZUCA,false
LÁGRIMA,false
TOQUERÍA,false
VIGUERÍA,false
CANTAR,false
BADAJEAR,false
PELUDEAR,false
ACUITAR,false
RESEÑAR,false
TERNEJÓN,false
DEPONER,false
EXTRAER,false
SOCARRAR,false
ILUDIR,false
ENTECADO,false
VISTEAR,false
PRENDAR,false
TOSER,false
LÉSBICO,false
PERCOCHAR,false
CÁTEDRA,false
MARMOTEAR,false
AVÉSTICO,false
ACRIBAR,false
PÍAMENTE,false
FORNÁCEO,false
REBLAR,false
AFLIGIDO,false
SAETAR,false
LLAMAR,false
AGORAR,false
RETACEAR,false
CONTENDER,false
ASOCIAR,false
MALESPÍN,false
ELUDIR,false
MANGAJÓN,false
EXALTAR,false
LLENAR,false
REVOLICO,false
NANCEAR,false
ENGAZAR,false
ALEACIÓN,false
GRUJIR,false
PLATEAR,false
TAPUJARSE,false
AGOBIAR,false
ACUARTELAR,false
ESPETAR,false
CHORAR,false
PROTRUIR,false
OLÓGRAFO,false
MANCORNA,false
UÑIR,false
ESTOZOLAR,false
COCER,false
VACARÍ,false
CAMBADA,false
SANGÜEÑO,false
FERRAR,false
AFALAGAR,false
EMBESTIR,false
CROAR,false
JADEAR,false
ENJUMARSE,false
ZUÁCATE,false
IRRIGAR,false
MOCAR,false
AGIGOLÓN,false
MANDILÓN,false
SEMBRAR,false
AUPAR,false
NICÓTICO,false
PUNGIR,false
FORIGAR,false
HOBACHÓN,false
BOCEAR,false
APUNTAR,false
REVELER,false
AOVAR,false
RENOVAR,false
GARUAR,false
RETOZAR,false
DIÁDOCO,false
LANCERÍA,false
IRIDÁCEO,false
CREAR,false
ENLAZAR,false
BOJAR,false
DEVELAR,false
INTRADÓS,false
GARRA,false
SELÉNICO,false
RATONAR,false
AHUMAR,false
UNCIR,false
RAPTAR,false
QUINO,false
PAVONAR,false
TAPIZAR,false
REVENAR,false
JUMEAR,false
DELUDIR,false
ACHOLAR,false
ENLATAR,false
ACORAZADA,false
ASIÁTICO,false
AYEAR,false
ATAIRAR,false
TOPETAR,false
REFUTAR,false
MAMÍFERO,false
RUGIR,false
BOSTEAR,false
REFLUIR,false
TRAFICAR,false
CIRUGÍA,false
ATÓNITO,false
ELÁSTICO,false
ADLÁTERE,false
ARRIERÍA,false
RETAR,false
ADORMILARSE,false
INQUIRIR,false
ISÓTROPO,false
PROLOGAR,false
BALBUCIR,false
ASEAR,false
SILÍCEO,false
CENEQUE,false
DIPLOPÍA,false
TOXICAR,false
POLÍGONO,false
MARIDAR,false
PRIMARIO,false
ABSORBER,false
REMEDAR,false
CERCENAR,false
EDUCAR,false
CALCÁREO,false
SOLIVIÓN,false
ARROMPER,false
JOPARSE,false
LINEAR,false
AMÍNICO,false
TERÉDINE,false
ENFRIAR,false
RECOSER,false
IMPARTIR,false
RETEMBLAR,false
JUBILAR,false
AÑADIR,false
HALDERO,false
GAGUEAR,false
INFANZÓN,false
DISÍLABO,false
ANEJAR,false
RESBALÓN,false
ESÓPICO,false
GUILLARSE,false
USINA,false
VULTURÍN,false
PRÓDROMO,false
AIZOÁCEO,false
POSEER,false
ENCONAR,false
PARECER,false
PALÚDICO,false
ACOPIAR,false
CISTÍNEO,false
MORFINA,false
BACILLO,false
TROTAR,false
RALBAR,false
CARABEAR,false
AGOLPAR,false
FIDEÍSMO,false
GRADUAR,false
ABIÓTICO,false
AFINAR,false
REVIDAR,false
ESTÁRTER,false
COMEDIR,false
ANIÑAR,false
DECAER,false
RELEER,false
CARGAR,false
OCEÁNICO,false
ASOLEAR,false
BALOTAR,false
MAGÍSTER,false
SEDEAR,false
CONOCER,false
RUSTIR,false
RESUMIR,false
POLÍFAGO,false
PATADIÓN,false
EMBRIDAR,false
LUCIR,false
EXHUMAR,false
BALDAR,false
COSARIO,false
HABER,false
TENDEAR,false
LOMEAR,false
ABORRICAR,false
CANNÁCEO,false
PERREAR,false
EXIMIR,false
BALANZÓN,false
FRAGARIA,false
CACHETÓN,false
ENCERAR,false
ASPEARSE,false
FUNÍCULO,false
PRÍNCIPE,false
SUÉTER,false
PETRERA,false
REVOLVER,false
BOYAR,false
VERDECER,false
EXTRUDIR,false
MAMUJAR,false
LACTARIO,false
COMER,false
ENEÁGONO,false
ESCALDAR,false
ENJUTAR,false
BOXEAR,false
HOJECER,false
AFANAR,false
AINDIAR,false
LENIZAR,false
PENÍGERO,false
GROAR,false
DIRIGIDA,false
MUGIR,false
SINÓLOGO,false
LENGÜETA,false
ZARPEAR,false
ATRAER,false
REMEDIAR,false
CACHAMA,false
ZAMBULLIR,false
GRAJEAR,false
GRUÑIR,false
COPIAR,false
BORNEAR,false
VARGA,false
COHIBIR,false
BOJEAR,false
ESCOLLAR,false
ENRARECER,false
CROMAR,false
FLORECER,false
AÑUDAR,false
MOLLEAR,false
REBASAR,false
AGRAVAR,false
REVER,false
EMPEZAR,false
ESCOLAR,false
INCLUIR,false
UPAR,false
PITAR,false
ENSUCIAR,false
BARATEAR,false
BARBAJÁN,false
SÍNSORAS,false
MADURAR,false
PARÓNIMO,false
DEVOCIÓN,false
ROSIGAR,false
AFILIAR,false
CUCAR,false
TRONAR,false
NACER,false
PULTÁCEO,false
CARAIRA,false
LÚDICRO,false
REMPUJÓN,false
TABLEAR,false
VAJEAR,false
QUINARIO,false
TÓMBOLO,false
CORDERÍA,false
BUBÓNICO,false
RECRUJIR,false
DEVORAR,false
ALINDAR,false
IJADEAR,false
RECIBIR,false
COBREAR,false
CHIVIAR,false
ESQUIAR,false
ACUÍFERO,false
INFLUIR,false
ENLIZAR,false
GORRINO,false
SUPLICAR,false
ACOSTAR,false
CABRUÑAR,false
REJITAR,false
RECEBAR,false
CARTERÍA,false
DEDICAR,false
EJABRIR,false
TAJAR,false
AFEAR,false
ENMATARSE,false
ARRÁEZ,false
MIAÑAR,false
REMANAR,false
REUNIR,false
MILAGRÓN,false
PRIMERO,false
ACABAR,false
PUNICIÓN,false
AZUCARAR,false
JURÍDICO,false
OXÍTONO,false
OLEICO,false
LINCEAR,false
CHIPOJO,false
USAR,false
GUELDO,false
PERMITIR,false
SACUDIR,false
FRANJAR,false
FORÁNEO,false
BEBERRÓN,false
AUTÓMATA,false
REHUNDIR,false
BEBER,false
ALMADEARSE,false
MACACHÍN,false
SESGAR,false
AGUANTÓN,false
ESCOBAR,false
CUQUERÍA,false
PISAR,false
CONDOLER,false
DETENER,false
ENCANECER,false
TABLAR,false
TARDANO,false
NONÁGONO,false
TAQUEAR,false
AMNESTÍA,false
ALÉLICO,false
DIÁGRAFO,false
TOSIGAR,false
ALÓBROGO,false
ARTÍFICE,false
NÍSPOLA,false
CALIBRAR,false
DEMOLER,false
RAMEAR,false
EGRESAR,false
ENYUGAR,false
DRAPEAR,false
POMÓLOGO,false
GENÉSICO,false
ALEAR,false
JUDAIZAR,false
FAÑAR,false
CARTEAR,false
DÚCTIL,false
FRIÁTICO,false
MELIÁCEO,false
QUINOLONA,false
LUÉTICO,false
MUÑIR,false
REVEJECER,false
APLAZAR,false
RECREAR,false
AMPLIAR,false
RASGAR,false
ORGÁNICO,false
HIGUERÓN,false
CUIJEN,false
ABRAZADA,false
ENAGUAR,false
BAQUEAR,false
PROPENDER,false
EXIGIR,false
CARAÍSMO,false
FOGARIL,false
GRADAR,false
CECINAR,false
DESCONTAR,false
ACAECER,false
ORÁTICO,false
EXÓTICO,false
RABIAR,false
ESCUPIR,false
DESBORDAR,false
PALMARIO,false
COPULAR,false
BALSEAR,false
AMAÑAR,false
FUMARIA,false
DISCORDAR,false
CORDOBÉS,false
GUIÑAR,false
EMPOLLÓN,false
AFEITAR,false
PUNTIZÓN,false
RAICERÍO,false
PIZARRÍN,false
DELGAZAR,false
OCTÓPODO,false
POPLÍTEO,false
FORCATE,false
ENGAFETAR,false
TRASLUCIR,false
PREVER,false
SUCHE,false
VIGÉSIMO,false
VESÍCULA,false
ABSTRAER,false
CANARIO,false
ESCONDER,false
ACERÁCEO,false
ESMERAR,false
EMPELAR,false
DOLER,false
BÁRBULAS,false
SOLAR,false
APRENDER,false
REHERRAR,false
BRUMAZÓN,false
TAÑER,false
ADUEÑARSE,false
SUPUTAR,false
ENGLUTIR,false
ROPERÍA,false
BITAR,false
ADÁNICO,false
RESFRIAR,false
SUÉVICO,false
TERCIAR,false
CARMESÍ,false
PULSAR,false
VICIAR,false
ENCUERAR,false
GUARECER,false
CUCHAREAR,false
REMEMBRAR,false
CORLEAR,false
MORIR,false
CONCEBIR,false
LICITAR,false
GARROTÍN,false
ENREDAR,false
ODÓMETRO,false
YAACABÓ,false
PAULAR,false
LOAR,false
CONGERIE,false
REBUDIAR,false
TAPIAR,false
SOFREÍR,false
CLORAR,false
ADÁMICO,false
CONTORCERSE,false
VOLCAR,false
CACHEAR,false
RETRAER,false
ABANDONAR,false
DUDAR,false
MANEJAR,false
GRUIR,false
RELIMAR,false
INMISIÓN,false
TIZNAR,false
CÁNDARA,false
COMBAR,false
DEFOLIAR,false
CARBAYO,false
SEXÓLOGO,false
REDECIR,false
ARPAR,false
DECORAR,false
ENCELDAR,false
AGARRAR,false
MENEAR,false
REDUCIR,false
CARESTÍA,false
ALIENADO,false
AURÍFERO,false
ACLARAR,false
CADUCAR,false
GLOXÍNEA,false
SITUAR,false
TEOLOGAL,false
OMNÍMODO,false
PÓQUIL,false
LAPIDAR,false
NEFARIO,false
ESCARIZAR,false
DÍPTICO,false
TERRERÍA,false
TRONCAR,false
HUÉVIL,false
RUSTICAR,false
PLAÑIR,false
RUÑAR,false
GAÑANÍA,false
CANÓNIGA,false
EMULAR,false
ENRIZAR,false
GARNATÓN,false
AFOLLARSE,false
SUBSISTIR,false
MODULAR,false
EXPENDIO,false
ARLEQUÍN,false
RIPIAR,false
BRAVEAR,false
EVALUAR,false
AERÓFOBO,false
LLÁBANA,false
HONORAR,false
PORRERÍA,false
BINGUÍ,false
DEBUTAR,false
CHIRRIÓN,false
CORROER,false
TANTEAR,false
CRISPIR,false
CHIRREAR,false
MINGAR,false
SERPEAR,false
POSTEAR,false
BAGDADÍ,false
FELPEAR,false
HEÑIR,false
MAESTRÍA,false
FONTEGÍ,false
AGAÑOTAR,false
AMPARAR,false
COGECHO,false
TIRITAR,false
ALEUDAR,false
TREPA,false
OCURRIR,false
HORNEAR,false
ARRUAR,false
CUBILAR,false
MUGAR,false
GINEBRÉS,false
CONFERIR,false
POYAR,false
CHILLAR,false
TUPIR,false
TEÚRGICO,false
ATINGIR,false
TANOBIA,false
TÁRTRICO,false
LLAVERO,false
VAHAR,false
TUNDEAR,false
ESCOMERSE,false
GRULLADA,false
SÍNFITO,false
PROSEGUIR,false
FOLLETÓN,false
INCONAR,false
ENTISAR,false
HEXAGONAL,false
ALBARDÓN,false
PIAFAR,false
ROMPER,false
GUARDAR,false
RUJIAR,false
AJAR,false
CONTA,false
TEMER,false
SONSAÑAR,false
FREÁTICO,false
RECLUIR,false
REMOVER,false
ENCOMIAR,false
PARÁBOLA,false
DESGAIRE,false
NADERÍA,false
BLINDADO,false
DECIDIR,false
JAMAR,false
OBSESIÓN,false
NATACIÓN,false
FÚNGICO,false
SACUDIÓN,false
TOTÉMICO,false
INCUMBIR,false
ADÚCAR,false
LAMBER,false
AMAGAR,false
GOMERÍA,false
OCULTAR,false
MEAR,false
DIRIGIR,false
BRÉCOL,false
PATÓLOGO,false
COLUDIR,false
MOFAR,false
CHALLAR,false
CAMARÚ,false
MODERAR,false
MOVER,false
CHULPI,false
CASERÍA,false
RENDIR,false
ENMALECER,false
BOCELAR,false
FUMAR,false
BRUJIR,false
ELEVAR,false
REMECER,false
SONSEAR,false
SOÑAR,false
BIÓTICO,false
CARMÍNEO,false
ONTÓLOGO,false
FLAMEAR,false
ENCURTIR,false
TRÍPLICE,false
DESMOÑAR,false
EMPORAR,false
AHUSAR,false
YARAVÍ,false
ACORTAR,false
ENFURTIR,false
BATIR,false
VIRGÍNEO,false
ARROYAR,false
SIGILAR,false
MADRINA,false
SATÍRICO,false
HÍDRICO,false
RIZÓFAGO,false
FILÍPICA,false
RELAZAR,false
ENCAVARSE,false
VAHEAR,false
BINARIO,false
SALMERA,false
TARREAR,false
RASAR,false
CIRCUIR,false
EXHALAR,false
VÓLVULO,false
VERGUEAR,false
DEMOSTRAR,false
ABOCAR,false
CASCAR,false
SINÓNIMO,false
FITÓFAGO,false
ESCACADO,false
AJORRAR,false
DISONAR,false
AVEFRÍA,false
BROQUETA,false
ATONDAR,false
COGER,false
ALHAMÍ,false
ABASTECER,false
FONÓLOGO,false
ARGUELLO,false
MALAGUÉS,false
SINTONÍA,false
MÓRBIDO,false
TORCER,false
ESTAR,false
LUCIO,false
ABOFARSE,false
SERRERÍA,false
ASENTIR,false
DESCADERAR,false
FLIPEARSE,false
ENRAZAR,false
ONCEAR,false
DEPARTIR,false
IMPÁVIDO,false
CHISMEAR,false
ASESTAR,false
HULAR,false
PURPURAR,false
ALARMAR,false
TAXÓNOMO,false
CECEAR,false
REVESTIR,false
COMPELER,false
RAPAPIÉS,false
ENCABAR,false
MANATÍ,false
RALENTÍ,false
SORRABAR,false
ELEGIDO,false
REDILAR,false
NUTRIDO,false
DENARIO,false
CANCERAR,false
ADSORBER,false
ELIDIR,false
CERTIFICAR,false
VERANAR,false
ASPAR,false
REDITUAR,false
ALIPATA,false
CÓNDILO,false
ÑAMPEARSE,false
ANDAR,false
FÁUNICO,false
DESAFINAR,false
DESDECIR,false
ABRACAR,false
CENHEGÍ,false
SUCEDER,false
ATLÉTICO,false
DESAISLARSE,false
EMBABUCAR,false
REHERIR,false
HUÉRFAGO,false
FALLECER,false
AHUIZOTE,false
PROPONER,false
PECAR,false
NECTÁREO,false
RESURTIR,false
LLAPAR,false
OFENDER,false
GANAR,false
FRÍVOLO,false
MALHERIR,false
SILGAR,false
CALMERÍA,false
BARBEAR,false
DEDUCIR,false
TEMAR,false
PEPÓNIDE,false
AÑADIDO,false
EMPEDAR,false
URGIR,false
CRANEAR,false
ABRIR,false
CRAS,false
SAUSERÍA,false
ENTUMIRSE,false
ARCÁDICO,false
CAMPIÑA,false
DISPONER,false
HEXÁGONO,false
IMPELER,false
TRAVESÍO,false
IMPÚBERO,false
PERECEAR,false
CELTÍDEO,false
AMETRÍA,false
CERVIGÓN,false
EXTÁTICO,false
RATAPLÁN,false
DOMÓTICO,false
CHISCHÍS,false
SESEAR,false
CONTRADA,false
GAITERÍA,false
LUDIR,false
PANTALÁN,false
ACHULARSE,false
DAVÍDICO,false
AFLOJAR,false
ESCAMADO,false
APELDAR,false
CANÓNICO,false
MUTAR,false
EXCAVAR,false
YACER,false
ENDONAR,false
DURAZNO,false
MANCHAR,false
EMBALAR,false
ENCOGER,false
INTUBAR,false
BIZMAR,false
BIZARRO,false
ASIR,false
CAPULÍ,false
GUARÁN,false
ASCÉTICO,false
DECAÍBLE,false
ADOLECER,false
MANFERIR,false
RESOLVER,false
ENSOÑAR,false
ENCARAR,false
TRAGA,false
EDUCCIÓN,false
REMOLQUE,false
MOZANCÓN,false
MÁRRAGA,false
ERÍSTICO,false
SERÓTINO,false
PUBLICAR,false
SOPAR,false
FUNDIR,false
JUDIADA,false
VOLVER,false
ETÍLICO,false
RODAR,false
CAMALEÓN,false
BIÓLOGO,false
AGUADAR,false
OLEÁCEO,false
AMBLAR,false
BOLETEAR,false
GALLERÍA,false
BUMBULÍN,false
REASUMIR,false
AFIRMAR,false
CALCAR,false
ESTRÍGIL,false
CHAYAR,false
MORCAR,false
ACATAR,false
BUSCAR,false
CONCLUIR,false
VEGUERÍA,false
SACAR,false
FAJAR,false
ERRÁTICO,false
LACAR,false
CASTEL,false
ACORVAR,false
SEMEJAR,false
FINIR,false
LATIR,false
IMANTAR,false
GRATINAR,false
MAGREAR,false
TRUCAR,false
BUXÁCEO,false
ASONDAR,false
CIAR,false
DÍSTICO,false
ABORTISMO,false
VALENTÍA,false
AMASAR,false
ENSACAR,false
DUBLINÉS,false
EXPRIMIR,false
GATERÍA,false
AUDICIÓN,false
CLORURADO,false
POSTRAR,false
DIVAGAR,false
ARAGÜEÑO,false
EMERGER,false
FLÁCIDO,false
ACEFALIA,false
MUEQUEAR,false
CEBAR,false
UBÉRRIMO,false
EMÉTICO,false
PÉNFIGO,false
COTIZAR,false
CALMADO,false
PLANCHÓN,false
EMPOPAR,false
EUTÓCICO,false
DRÁSTICO,false
BIXÁCEO,false
CRÉTICO,false
FRUNCIA,false
DÓBERMAN,false
GARLAR,false
SILÍCULA,false
SEGUIR,false
RECUSAR,false
PRÍSTINO,false
ASÍSMICO,false
SIÚTICO,false
CILLERÍA,false
APIADAR,false
HEMÁTICO,false
RAJAR,false
ESTACADA,false
LARDÁCEO,false
DILUIR,false
OCLUIR,false
DORMIR,false
AFONDAR,false
NOVENTÓN,false
LIBÉLULA,false
APLOMAR,false
SOMETER,false
HIBRIDAR,false
BIGARDÍA,false
SEDICIÓN,false
CAJERÍA,false
ANISAR,false
AVANZAR,false
EMBESTIDA,false
TASCAR,false
DISIDIR,false
ALADRAR,false
JALONEAR,false
CAÑAÍLLA,false
RETESAR,false
MARIOL,false
MOLLINEAR,false
REDAR,false
HADARIO,false
SEMÁFORO,false
VER,false
ESTRUMPIR,false
PLANTAR,false
EXPENDER,false
CUCULÍ,false
MEJILLÓN,false
GOLPEAR,false
CHAVERÍA,false
BRISAR,false
LIBÍDINE,false
ENALTECER,false
BARAJEAR,false
ENRAMAR,false
IMPERAR,false
BILLARDA,false
ACCEDER,false
ZORREAR,false
ALEVOSÍA,false
MACERAR,false
PORREAR,false
ALBAHÍO,false
IMPEDIDO,false
TRATAR,false
ENCAMAR,false
DESAVIAR,false
CUESTIÓN,false
REBOCERO,false
GUÁGARA,false
DETONAR,false
CATACHÍN,false
GARZONÍA,false
ATASCAR,false
MOCERÍO,false
ULTIMAR,false
SINGLAR,false
ATEÍSTA,false
ACEITUNÍ,false
TORTERÍA,false
CUSIR,false
CERRAJÓN,false
AFLIGIR,false
QUÍSTICO,false
ECTÓPICO,false
RENGAR,false
ENLUCIR,false
BREZAR,false
DISEÑAR,false
DERRETIR,false
MENTIR,false
TUSÍGENO,false
OIDORÍA,false
CICLAR,false
BANDEAR,false
CIGÜEÑAL,false
MÉNSULA,false
AMAR,false
OLLERÍA,false
ACÉRRIMO,false
ADIETAR,false
POMÍFERO,false
IMPRIMIR,false
HOJEAR,false
ENLAMAR,false
TACURÚ,false
NÁHUATL,false
DOLARIZARSE,false
LEVIATÁN,false
ZANJAR,false
CAVILAR,false
FRUNCIDO,false
ACOMEDIDO,false
HERRENAL,false
AJOCHAR,false
PEDREJÓN,false
ASAETAR,false
ALOQUECER,false
OTROSÍ,false
CARACHE,false
ORINECER,false
EFIGIAR,false
BROCEARSE,false
TEJAR,false
ABSTENER,false
TRASEGAR,false
EXPEDIR,false
MAZARRÓN,false
POLVERA,false
DEMASÍA,false
CUMPLIR,false
RECOMER,false
MINAR,false
CELAR,false
JALONAR,false
FREGAR,false
TAXÁCEO,false
ESCOSCAR,false
RECRECER,false
SAGATÍ,false
PINCHAR,false
ARRECIDO,false
REMUDAR,false
CANDUCHO,false
LUMÍNICO,false
SESTEAR,false
LIGAR,false
ABARCAR,false
BILIARIO,false
LOBERÍA,false
PONER,false
DIFAMIA,false
PLÚMBEO,false
AERACIÓN,false
LÚSTRICO,false
EMACIADO,false
CONSUMAR,false
CHARRADA,false
DESOSEGAR,false
AZAGAR,false
ROGARIA,false
BESTOBA,false
GOFRAR,false
POLÍTICO,false
PUNTAR,false
MARCIR,false
INJERIR,false
BICROMÍA,false
MERCERÍA,false
OBRAR,false
RESISTIR,false
GALGUEAR,false
ESPUMAR,false
ESPÓNDIL,false
FULGIR,false
ATABLAR,false
GAZNAR,false
ARCADIA,false
DERRUBIAR,false
TRÍMETRO,false
REBATIR,false
SOBAJAR,false
AMBROSÍA,false
PILÓRICO,false
FONDEADO,false
YAPAR,false
ATURDIDO,false
REBULLIR,false
FISÓNOMO,false
BATUCAR,false
DESACORDE,false
CAPOTAR,false
GAZNATÓN,false
REHACER,false
DESCREER,false
OCCISIÓN,false
REPRENDER,false
ZAPAR,false
MEFÍTICO,false
FATÍDICO,false
DESAHIJAR,false
ENJAGUAR,false
ALUDIR,false
ALQUERÍA,false
NIÑERÍA,false
ATROPAR,false
ABEJAR,false
PAREAR,false
OSAR,false
PATÍBULO,false
NEÓFITO,false
EXCLUIR,false
ABRIGAR,false
ZAHERIR,false
CONVERGER,false
RESOBAR,false
VIVÍPARO,false
COLAINA,false
ALOBAR,false
MEJER,false
REALZAR,false
METÓDICO,false
CALLAR,false
TARRECER,false
LEBRATÓN,false
HÚNGARO,false
AVIEJAR,false
FAGÜEÑO,false
DEPRENDER,false
AFAMAR,false
EFIMERAL,false
SILABAR,false
REZUMAR,false
REDORAR,false
DALLAR,false
GEMÓLOGO,false
HAQUITÍA,false
URÉTICO,false
ACENTUAR,false
DETRAER,false
ASUMIR,false
PROFERIR,false
CONREAR,false
REFULGIR,false
TÍMBRICO,false
MILITAR,false
REMILLÓN,false
VEGETAR,false
APULGARAR,false
REMORDER,false
REPULIR,false
DIÁLISIS,false
POPAR,false
ENMELAR,false
MASÓNICO,false
DELUSIÓN,false
ALEONAR,false
ALANCEAR,false
PERCIBIR,false
PESCOZÓN,false
DESURDIR,false
AGOSTAR,false
DISPLACER,false
MENJUÍ,false
MITIGAR,false
APALPAR,false
JUNCIR,false
DOMINAR,false
HECHIZAR,false
PERCIBIDO,false
TRANVÍA,false
PIOJUELO,false
IGNICIÓN,false
FORRADO,false
BISAR,false
BRINCAR,false
RINGAR,false
VOLEAR,false
EFÉBICO,false
PETAR,false
COMENTAR,false
ZURUBÍ,false
MOLER,false
DESAGUAR,false
PRÉSBITA,false
CUADRAR,false
EUFÓNICO,false
FEDERICO,false
TARJAR,false
VENTEAR,false
JURAR,false
RECALZÓN,false
LABURAR,false
ROCIAR,false
LOBEAR,false
PANGOLÍN,false
LONGORÓN,false
TRIÁDICO,false
CHÓPED,false
CUSTRIRSE,false
SUPURAR,false
JAQUEAR,false
JENÍZARO,false
OFRECER,false
DÁCTILO,false
REAVENTAR,false
ORQUÍDEO,false
BERBIQUÍ,false
REELEGIR,false
ASUSTAR,false
JAMERDAR,false
NERVIAR,false
COLAR,false
BURGA,false
MACIZAR,false
ENSOBINARSE,false
ABROMAR,false
ENSILAR,false
MONÓDICO,false
CORDOBÁN,false
PECHEAR,false
ACOLITAR,false
PAMPEAR,false
VIÉSPERA,false
ABORRECER,false
TÓRCULO,false
TROCEAR,false
MADREJÓN,false
FRUIR,false
CONMOVER,false
CURTIR,false
CERNERA,false
ENCOVAR,false
PILLERÍA,false
VICEDIÓS,false
ESCARIAR,false
ENVIEJAR,false
AÓRTICO,false
ABASTAR,false
ANÉLIDO,false
PREDECIR,false
BACTERIA,false
RECABAR,false
TABLAZÓN,false
DISENTIR,false
ASPERGEAR,false
MALARIA,false
MALCRIAR,false
ALHAJAR,false
REVENDER,false
INHALAR,false
AHUECAR,false
AZULEAR,false
TASAR,false
ANCORAR,false
REOLOGÍA,false
ALIGAR,false
ALICAÍDO,false
COLODIÓN,false
CONDUCIR,false
GEOGONÍA,false
CAÑERÍA,false
YUXTAPONER,false
TURÍFERO,false
LEVÍTICO,false
TAÑAR,false
ADUCIR,false
CETARIA,false
DESCARNE,false
ROSCAR,false
PREMORIR,false
AUNAR,false
ENCESTAR,false
SOLEVAR,false
DESVENDAR,false
ATENCIÓN,false
FERIAR,false
SORBER,false
ENFUÑARSE,false
JEREMÍAS,false
ABSTEMIO,false
CARÁCTER,false
COLOCAR,false
VEJANCÓN,false
LITIGAR,false
MONTEAR,false
DENUNCIA,false
QUEMAR,false
ATÍPICO,false
INCITAR,false
REBINAR,false
PECARÍ,false
ÑAPINDÁ,false
ATENDER,false
ACORDAR,false
UNÍPEDE,false
CURUCUSÍ,false
RECOLAR,false
QUEROSÍN,false
TROPEZAR,false
DONAR,false
SÉQUITO,false
AFANADO,false
VIRAR,false
ENFURIARSE,false
MANIEGO,false
EMERSIÓN,false
CREQUETÉ,false
TENERÍA,false
POMPEAR,false
PLUMERÍO,false
ESBRENCAR,false
EXCUSAR,false
HEROÍSMO,false
VENGAR,false
BALLICO,false
VOLICIÓN,false
RETOÑECER,false
JARANEAR,false
ENGREDAR,false
FILARIA,false
SABICÚ,false
CAPARRÓN,false
ENCORAR,false
CHAPIRÓN,false
CONFIAR,false
ARAGONÉS,false
ECUÓREO,false
TARAR,false
CÍPRICO,false
DEODARA,false
AÑORAR,false
AJUARAR,false
ADÉLFICO,false
ATOBAR,false
TEOFANÍA,false
LIBAR,false
TRAICIÓN,false
TOPÓNIMO,false
DIRIMIR,false
GRAZNAR,false
MUNIQUÉS,false
TARÚPIDO,false
REVOLAR,false
LAXAR,false
REHILAR,false
BRUJUL,false
MARONITA,false
ABOMBAR,false
INSÍPIDO,false
ACEITAR,false
MIRRINO,false
REPODAR,false
JODER,false
MARBELLÍ,false
MARMITÓN,false
TELESQUÍ,false
REPUTAR,false
TARIFAR,false
FENICADO,false
BROLLAR,false
ENDAMARSE,false
BORDEAR,false
LÓBREGO,false
HUEVEAR,false
INCURRIR,false
ALOPATÍA,false
DESBRUAR,false
BALBUCEAR,false
LOQUEAR,false
TRAILLAR,false
SALGADA,false
GRISEAR,false
RECOGER,false
CIMARRÓN,false
ESPANTAR,false
CUBIJAR,false
ERIZAR,false
PERIQUERA,false
MAMAR,false
ABONAR,false
ENSERIR,false
CASTÓREO,false
ECÓLOGO,false
DAÑAR,false
ANTEVER,false
YÁMBICO,false
RESTREGAR,false
RINÓLOGO,false
SAMURÁI,false
FLANQUÍS,false
ALCACÍ,false
MARAÑAR,false
EFLORECER,false
ENHENAR,false
TAZAR,false
CHAPUZÓN,false
IRISAR,false
EMPURAR,false
AFRENTAR,false
ZURCIDA,false
APLACAR,false
MIMÉTICO,false
PLACAR,false
FRESAR,false
DISTAR,false
ACUBILAR,false
MARCEAR,false
SUBSEGUIR,false
PLASTECER,false
PELEAR,false
FORCEJAR,false
VICÉSIMO,false
PROTEÍNA,false
ERIGIR,false
BERRAR,false
ESPURRIAR,false
VERSEAR,false
BALDEAR,false
LLANEAR,false
VERDEAR,false
EMBONAR,false
CÓNCAVO,false
BASTAR,false
ESTIBAR,false
CHOCHAR,false
CONÍFERO,false
INFAMAR,false
AJEAR,false
INTUIR,false
BALCONEAR,false
ARMÓNICO,false
OLER,false
GEOFAGIA,false
SESÁMEO,false
INSINUAR,false
LACERIA,false
EMBARRIAR,false
PORTERÍA,false
CHECAR,false
LUJAR,false
ABICHARSE,false
SURDIR,false
ENDÓGENO,false
PLUMEAR,false
CIGUATARSE,false
DESUNCIR,false
DESNERVAR,false
CAGAR,false
PODÁLICO,false
ANTÓFAGO,false
CATIGUÁ,false
REBORDAR,false
GARFEAR,false
EMPAJAR,false
AGRARIO,false
GORJEAR,false
DESDAR,false
FESTEJAR,false
EMPECER,false
DIÓCESIS,false
FERROBÚS,false
GUITAR,false
PLOMEAR,false
HECTÓREO,false
AFÓTICO,false
ADRAR,false
TRAMOYÓN,false
RANCHAR,false
DESVAINAR,false
CARNEAR,false
MOSCAR,false
RUÑIR,false
BADAL,false
REMOLER,false
ALBARRÁN,false
TRASOÍR,false
CONCORDAR,false
MÁSTER,false
VIRGEN,false
ROLAR,false
MODELAR,false
CANCANO,false
VACAR,false
GEMIR,false
ALFOLÍ,false
SAINAR,false
UTÓPICO,false
MÁSCULO,false
EVANECER,false
SARGENTE,false
UFÓLOGO,false
SILÁBICO,false
TROMPAR,false
GRAVAR,false
MURALLÓN,false
DESVEDAR,false
CHAPEAR,false
ATIPLAR,false
ADESTRADO,false
ENVANECER,false
EMÉTROPE,false
NOTICIÓN,false
MANANTÍO,false
AUTÓGENO,false
DEPARAR,false
CORDA,false
RENDIDO,false
ORAR,false
RABÍNICO,false
EMPOTARSE,false
TOPAR,false
CAPRARIO,false
CIFRAR,false
DISCAR,false
DORONDÓN,false
MITÓLOGO,false
ALCALDÍA,false
LIAR,false
ARICAR,false
ENRASAR,false
ADAMAR,false
MACANDÓN,false
REVEZAR,false
ALLANAR,false
MOHECER,false
MENÍNGEO,false
REPARAR,false
ADSCRIBIR,false
BAJAR,false
MORREAR,false
MANDARÍN,false
ELEGIR,false
AFRENTA,false
EXTRADIR,false
REZAGAR,false
LUBRICAR,false
ROBAR,false
GOZAR,false
CANGÜESO,false
PRIMEARSE,false
FRACCIÓN,false
MATIZAR,false
CHOTERÍA,false
PASTAR,false
CANSAR,false
AZOGAR,false
IGUALAR,false
ANTUVIÓN,false
BISELAR,false
ARRUTAR,false
HUMANAR,false
DIMIDIAR,false
ABUNDAR,false
CHINGAR,false
CRUCERÍA,false
CHANGAR,false
TRÍFIDO,false
CIÉNAGA,false
FIJAR,false
JÍNJOL,false
ASENTAR,false
ENFAJAR,false
CORNEAR,false
AVENIR,false
VIDRIAR,false
TAMBORÓN,false
GUIZGAR,false
TESAR,false
ROTARIO,false
ACIDIOSO,false
MACABÍ,false
REPASAR,false
DIVERGIR,false
DESPEARSE,false
TILDAR,false
ANDÁBATA,false
ENEJAR,false
CHOCAR,false
VALLAR,false
CUOTEAR,false
ESCUPIDO,false
ENSERAR,false
PRÓJIMO,false
DEJAR,false
EMPUÑAR,false
DESOÍR,false
ALBELLÓN,false
ESTILO,false
MINIAR,false
ATRÓFICO,false
COQUETÓN,false
DENEGAR,false
VAREAR,false
RORAR,false
PAPAHÍGO,false
ABOGADO,false
DEÍPARA,false
PRADEJÓN,false
FALSEAR,false
ENGALLAR,false
RESENTIRSE,false
ARMÍGERO,false
AFRETAR,false
FLORIPÓN,false
MELAR,false
RAQUEAR,false
JAZMÍNEO,false
LANÍFERO,false
TIRANÍA,false
ESMALTAR,false
ESTOFAR,false
MANDAR,false
ATROJAR,false
LANARIA,false
CALLANTAR,false
CORNALÓN,false
COPLEAR,false
LOGREAR,false
BLOCAR,false
SATÉLITE,false
EMPELLÓN,false
MAOÍSTA,false
PARRAGÓN,false
CAPELLÁN,false
TIFÁCEO,false
CECIDIA,false
PLÚMBICO,false
ATESAR,false
CAREAR,false
POTREAR,false
EIDÉTICO,false
PATAJÚ,false
ENFURTIDO,false
ENDURECER,false
TARACEAR,false
REDEFINIR,false
RESURGIR,false
REPOSAR,false
INCENSAR,false
RABEAR,false
ZULACAR,false
SOFOCAR,false
ENCALAR,false
MUEBLAR,false
ALLEGAR,false
TUNERÍA,false
ENRABAR,false
USUREAR,false
FREIRA,false
DIVIDIR,false
ARLAR,false
EMBOCICAR,false
OXÍMORON,false
HUÉLLIGA,false
AGRAMAR,false
ANFÓTERO,false
OFERTAR,false
RESISAR,false
EMBOTAR,false
LLEGAR,false
CUAJANÍ,false
REAPRETAR,false
NECEAR,false
LIQUIDAR,false
DICHERO,false
APONER,false
ASACAR,false
CHAGÜITE,false
TIBIAR,false
ENFASTIAR,false
ATOJAR,false
LOREAR,false
GRANAZÓN,false
BARBADA,false
DESTRUIR,false
UNISÓN,false
SUJETAR,false
CHIFLAR,false
LLENAZÓN,false
PITEAR,false
ARRUFAR,false
TEOMANÍA,false
CRECER,false
SIMETRÍA,false
RENDAR,false
ENGAÑAR,false
RETINTÍN,false
DECURIÓN,false
ENJUGAR,false
AMNISTÍA,false
CITAR,false
SEBÁCEO,false
ZARCEAR,false
CAQUETÍO,false
CHINEAR,false
ASORDAR,false
NEGUIJÓN,false
CERÍFERO,false
ARGÓLICO,false
EMPATAR,false
ROÑERÍA,false
ENLODAR,false
URÁLICO,false
MELÓMANO,false
BABÉLICO,false
JODARRIA,false
TITEAR,false
LILIÁCEO,false
COHETERO,false
ANZOLAR,false
CÉDRIDE,false
AMILÁCEO,false
EIBARRÉS,false
REVELAR,false
REDIMIR,false
MANTEAR,false
COETÁNEO,false
ARRIZAR,false
PERIMIR,false
ARGÜIR,false
ZULLARSE,false
TRÁVELIN,false
ACENSAR,false
ARBEQUÍN,false
FLORAR,false
USURPAR,false
PREVALER,false
DOTACIÓN,false
PRÓFUGO,false
DEPURAR,false
ISÓPTERO,false
ROBÓTICO,false
GAÑIR,false
ACANTARAR,false
FALSARIO,false
DENTEJÓN,false
ACHINERO,false
ENTAMAR,false
COSTAR,false
GENERAR,false
SOMALÍ,false
BRUJEAR,false
DENTARIO,false
MURRIAR,false
ARBÓREO,false
COMBATIR,false
TUSAR,false
TUNDIR,false
GLUTEN,false
ACÉFALO,false
BOHÉMICO,false
EXISTIMAR,false
CAPAR,false
ADHESIÓN,false
CHOLGUÁN,false
PERMEAR,false
DESMULLIR,false
SANGRÍA,false
VEDAR,false
DESCEÑIR,false
CORRER,false
AGÓNICO,false
CARACHA,false
REVISIÓN,false
RESABER,false
GAYAR,false
ALOMAR,false
SÁNDALO,false
CAMBARÍN,false
AHELEAR,false
BOMBEAR,false
DEMUDAR,false
SUBTENDER,false
VANEAR,false
CUÁDRICA,false
ORTOEPÍA,false
COPEAR,false
REPRIMIDO,false
TERNARIO,false
MELGAR,false
CAMPEAR,false
SATÁNICO,false
ACARRARSE,false
SOBIJAR,false
SERRANÍA,false
MALEAR,false
SUIRIRÍ,false
IMPONER,false
TITILAR,false
ABERRAR,false
TIMBRAR,false
AMBULAR,false
PIZARRÓN,false
CUQUEAR,false
PODÓLOGO,false
EMITIR,false
TAQUERÍA,false
CHARRAR,false
PRÓXIMO,false
DESFACER,false
GUARNIR,false
ENGRILLAR,false
PARDEAR,false
TONTERÍA,false
LAÑAR,false
SUMIR,false
LIRÓFORO,false
HELEAR,false
ENDURAR,false
CAGÜEÑO,false
ALFÓCIGO,false
VORÁGINE,false
ESPADAR,false
LIDERAR,false
ACERCAR,false
CIMBRAR,false
PILPILÉN,false
FRISAR,false
ESCOÑAR,false
PORFIAR,false
EPÍTRITO,false
TRAZAR,false
FAGÁCEO,false
DILOGÍA,false
SULTANÍA,false
COGÜELMO,false
METÁLICO,false
ABREVAR,false
APÓCEMA,false
VEEDURÍA,false
AGUDIZAR,false
AMELGAR,false
SORREGAR,false
VÉSPERO,false
NESGAR,false
TURBAR,false
TOPEAR,false
PURGA,false
TENÍFUGO,false
SANGÜESA,false
GALARDÓN,false
RIZÓPODO,false
ARFAR,false
ESFUMAR,false
BONACHÓN,false
PORTEAR,false
ENJEBAR,false
PERDIGAR,false
APÓSITO,false
GAMITAR,false
ENCUNAR,false
PAÑETAR,false
OPTIMAR,false
AFORRAR,false
MIRANDÉS,false
CEFÁLICO,false
SEDERÍA,false
ANOTAR,false
OPRIMIR,false
DORMIDA,false
ENTRENAR,false
RECEÑIR,false
ALARGAR,false
MISTURA,false
MERMAR,false
AFOSCARSE,false
CERÚLEO,false
INDISPONER,false
DESDENTAR,false
ERUPCIÓN,false
AJOTAR,false
MECER,false
ANHELAR,false
FONO,false
CORNIJÓN,false
COGECHAR,false
ARSENIATO,false
SALEGAR,false
TERCERÍA,false
AURÍVORO,false
ILÍQUIDO,false
ESMORECER,false
ARAR,false
EMBREAR,false
TAPONAR,false
VAQUEAR,false
OREJEAR,false
GUASEARSE,false
SUSTENIDO,false
PUTERÍA,false
MONEDAJE,false
GUARIR,false
ENASTAR,false
SOLÍPEDO,false
CAMPANO,false
ASCONDER,false
AMPAYAR,false
FIAR,false
MONEAR,false
SOBRAR,false
ABEJÓN,false
LAPÍDEO,false
ASIBILAR,false
RONCHAR,false
ARDENTÍA,false
EMPEPARSE,false
PISPAR,false
PLOMERÍA,false
AMANTAR,false
EPÍGONO,false
EXPIAR,false
ARAÑERO,false
DEUTERÓN,false
MOSAÍSMO,false
FUNCAR,false
ESCALAR,false
ESMUÑIR,false
MEDIANÍA,false
MOSTEAR,false
GORGORÁN,false
DESLUCIDO,false
EXHIBIR,false
LLAMEAR,false
ADQUIRIDO,false
BOLLERÍA,false
HEREDAR,false
APROMETER,false
LOGROÑÉS,false
DESTOSERSE,false
OTORGAR,false
ADURIR,false
EFUNDIR,false
RAPUZAR,false
CÁTEDRO,false
AHONDAR,false
HEMATÍE,false
DONACIÓN,false
ESPUTAR,false
CANSÓN,false
FOLÍCULO,false
ARNEQUÍN,false
CARCOMER,false
ORLAR,false
ICTÉRICO,false
ADHERIR,false
MANCAR,false
BRIZAR,false
ROSTIR,false
ENFUSIR,false
DELGADO,false
ANILLAR,false
AGREDIDO,false
VINÍLICO,false
GALLAR,false
BRASERO,false
ALTÍSONO,false
VIGILAR,false
TRIBU,false
ENGANCHAR,false
FARRAPO,false
AGARDAMARSE,false
BOTAR,false
JUGLERÍA,false
RECITAR,false
OOLÍTICO,false
ABULTAR,false
EGOÍSTA,false
SUFRIR,false
PACER,false
CETRERÍA,false
EUFÓRICO,false
XERÓFILO,false
CETÓNICO,false
SUTURAR,false
GNOMON,false
NOÉTICO,false
MORONDO,false
ENTIBAR,false
FILANDÓN,false
MEMORAR,false
DETENTAR,false
LUSTRAR,false
CÓMPREDA,false
GNÓMICO,false
EMPORCAR,false
PAJERÍA,false
PALMEAR,false
MALCOMER,false
POMÁCEO,false
AHUEVAR,false
ENRAYAR,false
PARESIA,false
KÁRSTICO,false
EVÓNIMO,false
INFERIR,false
EMBUSTEAR,false
ORDALÍA,false
ESBOZAR,false
HERVIR,false
EMBRIBAR,false
GAMBUJ,false
CAÓTICO,false
ALAJÚ,false
ESTERLÍN,false
ENGATAR,false
ATAÑER,false
TARDAR,false
ANGÉLICA,false
FINCAR,false
ACOTOLAR,false
CARRIQUÍ,false
BLANDEAR,false
MISTICÓN,false
PRECARIO,false
CERDEAR,false
LAGRIMAR,false
TRACCIÓN,false
AMUGAR,false
MULLIR,false
IGNÍFUGO,false
ENMOTAR,false
CARIÑANA,false
REMEJER,false
MALQUERER,false
ENGAFAR,false
EPÓNIMO,false
CHOREAR,false
BRIBRI,false
FUMÍFUGO,false
DIÁLAGA,false
CUMARÚ,false
DURAR,false
ALÉRGICO,false
BUBÁTICO,false
CAMBUCHO,false
ACEPTAR,false
CULEBRÓN,false
INTRÁNEO,false
PRÍNCEPS,false
BIZARRÍA,false
AMOLLAR,false
PANARIO,false
QUILICO,false
DIFUNDIR,false
ARÚSPICE,false
PRECEDER,false
PUNZAR,false
EPILOGAR,false
COHESIÓN,false
SUBYACER,false
AHORMAR,false
ARISCARSE,false
ABRUMAR,false
EOCÉNICO,false
ACRECER,false
ESCOGER,false
ACODILLAR,false
BINAR,false
SACUDIDA,false
AZOAR,false
COERCIÓN,false
RAZONAR,false
GRABAZÓN,false
PENDER,false
NEGRECER,false
MELÓDICO,false
DESBRAGAR,false
NERÍTICO,false
SAQUEAR,false
ADQUIRIR,false
PELENDÓN,false
BAHARÍ,false
QUEBRAR,false
OBJETAR,false
PODRECER,false
MINORÍA,false
DESUNIR,false
LAMINAR,false
NAFRA,false
CAUCÁSEO,false
TRANSPIRAR,false
DÓLLIMO,false
CINÉFILO,false
CUMBARÍ,false
REHOYAR,false
EVECCIÓN,false
ANÓMALO,false
AÑEJAR,false
POBLAR,false
PIVOTAR,false
ENCOLAR,false
REPONER,false
COMICHEAR,false
HUCHEAR,false
YESERÍA,false
SOCARRA,false
EXPIRAR,false
EMBOBINAR,false
-ENCO,false
ASTILLAR,false
SORRIPIAR,false
SOLTERÓN,false
VOLAR,false
CUBERÍA,false
SIFÓNICO,false
FINGIR,false
TISTEAR,false
ENFÁTICO,false
PIRÁTICO,false
GAZMIAR,false
ASEDIAR,false
TITULAR,false
MOCHIL,false
BITÍNICO,false
ATABILLAR,false
ENTILAR,false
ROJEAR,false
REPACER,false
REGULAR,false
COLEGIR,false
DEVOLVER,false
CURBASÁ,false
MÁRSICO,false
MATRERÍA,false
CHICHEAR,false
CARABALÍ,false
BÁQUIRA,false
CARAJO,false
RECURAR,false
SATINAR,false
AVANECERSE,false
MACRAMÉ,false
PEDRERÍA,false
APIOJARSE,false
PLACEL,false
DISCUTIR,false
RETORCER,false
ENCORECER,false
ARCINAR,false
DEBATIR,false
DESTUPIR,false
AMOHECER,false
MESAR,false
PICAR,false
ANIEJO,false
AGUAJÍ,false
DESAHITARSE,false
MAICEAR,false
CALABRÉS,false
TOCARIO,false
CAMBADO,false
CUCHARA,false
GUAIREÑO,false
VOCACIÓN,false
FÚRCULA,false
AVERSIÓN,false
CROTAL,false
ALPENDE,false
CHUFERÍA,false
TOLONCÓN,false
MONÓGAMO,false
CABARRÓN,false
MARREAR,false
OCIAR,false
CEÑIR,false
CANGUELO,false
CHIPILÍN,false
AMORCAR,false
HESPERIO,false
SUBSUMIR,false
MUESCAR,false
GORREAR,false
CLÍNICO,false
BIÓGRAFO,false
FARÍNGEO,false
DOVELAR,false
CERCHEARSE,false
SALSIFÍ,false
CHAMULLAR,false
OTORGADO,false
ZURDEAR,false
INVERTIR,false
MIGAR,false
ACORAZADO,false
PONTOCÓN,false
TRABILLA,false
AGÁRICO,false
ILICÍNEO,false
ANEBLAR,false
VERSÁTIL,false
PERRERÍA,false
COSERA,false
SUPRIMIR,false
FIFAR,false
REAMAR,false
ATURAR,false
ESCULLIR,false
MAGANCÉS,false
GUAREAO,false
HUISQUIL,false
FLETEAR,false
ENGARBARSE,false
IDÍLICO,false
TURQUEAR,false
ENTUBAR,false
ABÚLICO,false
CONSTAR,false
DESCARARSE,false
PICHICA,false
RESURTIDA,false
SABROSÓN,false
HALLAR,false
NEGACIÓN,false
TOLERAR,false
BARROCO,false
ARICADO,false
ASTRINGIR,false
LLAGAR,false
FÓSFORO,false
ENTUNDAR,false
AZOCAR,false
JIÑAR,false
NEGAR,false
JIRPEAR,false
ENCORDAR,false
GLOTONÍA,false
RELEJAR,false
ALEZNADO,false
GLÓTICO,false
CONFLIGIR,false
FINGIDO,false
ADMITIR,false
TRAMAR,false
MOCOVÍ,false
ATINGIDO,false
CERNER,false
CANTICIO,false
JAQUETÓN,false
RETENER,false
MOMEAR,false
ENGREÍR,false
ENCETAR,false
REMIRAR,false
ESTAÑAR,false
MARCHA,false
ESTANTÍO,false
CUMBEAR,false
JUMARSE,false
ABLENTAR,false
APARRAR,false
ARRUGAR,false
ENLLOCAR,false
ERECCIÓN,false
BOGAR,false
ABANICAR,false
PROTEGER,false
ARIDECER,false
GUISAR,false
CONGO,false
CHIGÜÍ,false
NARBONÉS,false
ABURRIDO,false
ATAVIAR,false
REINAR,false
LUCHAR,false
SINÓPICO,false
ARRUMAR,false
CÓPTICO,false
DÍMETRO,false
TRUFAR,false
EPÍMONE,false
PIRÁMIDE,false
ACRÁTICO,false
RETIÑIR,false
DEPILAR,false
TRABAR,false
TULLIDO,false
PIALAR,false
PODER,false
DIPÉTALO,false
RELAVAR,false
CHULETÓN,false
FUNGIR,false
SÉPTUPLO,false
PALAFRÉN,false
ENFADAR,false
BENDECIR,false
IDÉNTICO,false
MARABÚ,false
BASCULAR,false
MERIDIÓN,false
PARRADO,false
AMUELAR,false
ADUANAR,false
ROSÁCEO,false
ZELANDÉS,false
PERORAR,false
APAGAR,false
JACHALÍ,false
DIMITIR,false
DESMEDRAR,false
PARANGÓN,false
BRUÑIDO,false
TRÉBEDE,false
DIFUSIÓN,false
RUTILAR,false
ARREQUÍN,false
VOSEAR,false
MOZÁRABE,false
EMIGRAR,false
OBJECIÓN,false
MUÉVEDO,false
TÉRMICO,false
ACROMION,false
ARRALAR,false
PUPAR,false
ANARQUÍA,false
CALORÍA,false
AMORMÍO,false
GRANATÍN,false
BARDANA,false
CANECER,false
CALCETÓN,false
MONERÍA,false
SAPEAR,false
HABANERO,false
OBSTAR,false
DESAMAR,false
PULMONÍA,false
TIMBEAR,false
NEGRERÍA,false
AGÓGICO,false
ENTENDER,false
AHUATARSE,false
ANADEAR,false
SANEADO,false
DESVARIAR,false
CORREAR,false
PLÁSTICO,false
AVULSIÓN,false
FULMÍNEO,false
APECHAR,false
BEFAR,false
ACERAR,false
AMINORAR,false
FATIGAR,false
CAMUATÍ,false
ABRASAR,false
POLÍFONO,false
SUBÁLVEO,false
ALÍCUOTA,false
ACUCIAR,false
ANIMALIA,false
REHOLLAR,false
CEJAR,false
ARMÉNICO,false
PENETRAR,false
LUIR,false
TAPATÍO,false
GEOLOGÍA,false
RESTITUIR,false
ZOCAR,false
BATUCADA,false
TEÓRICO,false
ENRODAR,false
ZURDERA,false
BURUCUYÁ,false
FRAILE,false
SILBAR,false
CERNIR,false
AMÉTRICO,false
SAGUAIPÉ,false
COMPLACER,false
SURTIR,false
PEINAR,false
MANUTENER,false
MANDRIA,false
JARRAR,false
ARÁBIGO,false
DANZARÍN,false
HERIR,false
ENFLUSADO,false
SÉPTIMO,false
TARANTÍN,false
COLMAR,false
EXPELER,false
MALMETER,false
EXORNAR,false
AREÓPAGO,false
REFUNDIR,false
ESCANEAR,false
ESCAVAR,false
BALITAR,false
GRABAR,false
ADARGA,false
BORDAR,false
CLÍTICO,false
ESPARCIDO,false
ZURCIR,false
DATAR,false
CULÍCIDO,false
ENCEPAR,false
VIZCAÍNO,false
ANIÓNICO,false
HÉRCULES,false
ZONACIÓN,false
RUNFLADA,false
GAGUERA,false
TRACA,false
JALMERÍA,false
CÉMBALO,false
AFRAILADO,false
TREMER,false
CLARECER,false
ASURAR,false
SALARIAR,false
VENACIÓN,false
CASAQUÍN,false
OVALAR,false
ERÓTICO,false
JUDAÍSMO,false
CUBRIR,false
VESÁNICO,false
TANGA,false
ARMAR,false
AFUERINO,false
ANÉMICO,false
PÉRFIDO,false
BANCADA,false
RUNFLA,false
NOLICIÓN,false
PLACER,false
SALIR,false
PROMOVER,false
TRISOMÍA,false
SÉXTULA,false
CAMINADO,false
ERAR,false
SISIFLÍS,false
PEINERÍA,false
COARTAR,false
GACHUPÍN,false
MAQUEAR,false
PERCUDIR,false
MALMATÓN,false
ENVIDAR,false
FUMÍVORO,false
HUSMEAR,false
AHORRAR,false
AJUICIAR,false
AVIÓNICA,false
ÁRTABRO,false
DIÁTESIS,false
ARQUEAR,false
ESCOCER,false
ESCRIBIR,false
AVISTAR,false
DESAPARTAR,false
COCEAR,false
CHOLEAR,false
ANDALIA,false
ABATIR,false
QUERUBÍN,false
CAMÉLIDO,false
RECOLEGIR,false
ABOCANAR,false
CHIPIRÓN,false
ACERÍNEO,false
FORTACÁN,false
SEÑOREAR,false
OMINAR,false
PODRIR,false
ASOLDAR,false
ENVIAR,false
CABRERÍA,false
DÁLMATA,false
GUIPAR,false
EVERSIÓN,false
ADARVAR,false
DOMAR,false
ASOMAR,false
COTARDÍA,false
ACUARTAR,false
TRIÓXIDO,false
ALZADERA,false
BANCARIO,false
CUÁNTICO,false
FALÁRICA,false
DESDOBLAR,false
NORTEAR,false
DESPEZAR,false
FAINERÍA,false
BARREAR,false
CALAMINA,false
TRÉMULO,false
CERCARIA,false
FÉRETRO,false
RADÍCULA,false
MOMERÍA,false
CAITEAR,false
AVISAR,false
COPILAR,false
ENSEBAR,false
METÍLICO,false
OCRÁCEO,false
INSUDAR,false
ESPINELA,false
TOAR,false
DESAIRAR,false
FELPAR,false
RECAMAR,false
ADOSAR,false
MUDAR,false
SISIMICO,false
BARIA,false
PLISAR,false
ABRASIÓN,false
ZURRAR,false
DORAR,false
MULLIDA,false
TALLAR,false
TEÓLOGO,false
ESFOYAZA,false
CALDARIA,false
ALABAR,false
MUZÁRABE,false
PICAHÚYE,false
MUSITAR,false
URÉMICO,false
BESUCAR,false
RATEAR,false
LIBRAR,false
HERRÉN,false
RONCEAR,false
LÁNGUIDO,false
CHALAR,false
GEMINAR,false
TENDER,false
ESCULPIR,false
HIPÁLAGE,false
REDICIÓN,false
RÓMBICO,false
LIMPIADA,false
ADEUDAR,false
ACENSUAR,false
AMELLAR,false
LOQUERÍA,false
CODEÍNA,false
EMOTICÓN,false
MEDIAR,false
ENSOPAR,false
AVALUAR,false
BOLSERÍA,false
RESIDIR,false
ENCOFINAR,false
OVULAR,false
ALHEÑAR,false
SICARIO,false
NANEAR,false
SOMÉTICO,false
ICTÉRIDO,false
INDICIAR,false
BOTÁNICO,false
EMPUJAR,false
SOGUEAR,false
CULEAR,false
APACENTAR,false
RUPÍCOLA,false
EMPILAR,false
EGESTIÓN,false
CORÓNIDE,false
REMITIR,false
REPENSAR,false
ASUNCIÓN,false
REMEDIR,false
READMITIR,false
CURURÚ,false
AMONITA,false
HESPIRSE,false
REPLEGAR,false
REINCIDIR,false
CHIRIMÍA,false
AZUQUÍTAR,false
ALMUECÍN,false
TRIPERÍA,false
PILAR,false
DISCURRIR,false
RANCIAR,false
BRUÑIR,false
SECADÍO,false
CAMPAR,false
RECETAR,false
SILÚRICO,false
LUCÍFERO,false
RESULTÓN,false
ALOLAR,false
DERRUIR,false
ASESAR,false
RELUCIR,false
CÓNSUL,false
ACEDERÓN,false
COMPROBAR,false
DIGERIR,false
DESPARTIR,false
CERERÍA,false
ARCADUZAR,false
MISAR,false
VÉLLORA,false
ESTÍPTICO,false
SISEAR,false
ORDEÑAR,false
ACORAZAR,false
ILÉCEBRA,false
TRASTRÁS,false
ADINERADO,false
ZAHORA,false
CANOADA,false
CRÓNICO,false
ENTREOÍR,false
BANDERÍN,false
HESITAR,false
ESTIMAR,false
NUTRIR,false
TRIBUIR,false
RÉSPICE,false
CORÓNICA,false
FRICCIÓN,false
ALENTAR,false
ASALARIAR,false
ESTAFAR,false
SONREÍR,false
PASADÍA,false
MOJAR,false
DIALOGAR,false
RUNFLANTE,false
MÁRFEGA,false
LINÓLEO,false
ATAJAR,false
CAMÍTICO,false
CAPEAR,false
ILÍRICO,false
DIGITAR,false
HIBIERNO,false
GALÓFOBO,false
SURTIDA,false
AGUIJAR,false
MAJERÍA,false
COLEADOS,false
INSTITUIR,false
PARIR,false
MATEAR,false
VELERÍA,false
PODAR,false
OBSTRUIR,false
FRASEAR,false
TRITÍCEO,false
ASUBIAR,false
ESCALECER,false
PUGNAR,false
IRRUIR,false
FATIMÍ,false
SASÁNIDA,false
EMBUTIAR,false
REMOLCAR,false
EXANGÜE,false
HERRERÍA,false
JUGLARÍA,false
UNGIR,false
MOSTAGÁN,false
GESTEAR,false
MANUMITIR,false
AGÍLIBUS,false
SURGIR,false
BUCÓLICA,false
EXÁNIME,false
CLERIZÓN,false
CONGELAR,false
REVERTER,false
ACERERÍA,false
MONEDEAR,false
SARPULLIR,false
TORREAR,false
ESTORDIDO,false
INSERIR,false
REVIVIR,false
ATRIBUIR,false
PARTIBLE,false
GLASEAR,false
CORPÓREO,false
EMPLEAR,false
CEDER,false
RUBIÁCEO,false
ESGRIMA,false
ADORMIR,false
ESBARAR,false
ALCREBITE,false
RIMAR,false
ALBO,false
ALEGAR,false
TARDEAR,false
PODERÍO,false
TICÓNICO,false
EXTASIAR,false
MIMAR,false
TORRAR,false
LOQUERÍO,false
DEMORAR,false
FACTORÍA,false
ALCARÍA,false
ACRÓNICO,false
PANDEAR,false
CHICLEAR,false
CERRERÍA,false
REDUCIDO,false
TATEMAR,false
RETOCAR,false
ABOYADO,false
MEDICAR,false
SEDUCIR,false
OSÍFRAGO,false
MOCÁRABE,false
PREPEARSE,false
RARÁMURI,false
EFLUIR,false
RASURAR,false
PIAMÁTER,false
RESUDAR,false
ENTIZAR,false
OVÁRICO,false
FLOTAR,false
GÜISQUI,false
JARCERÍA,false
CABECERA,false
VENÉFICO,false
ESCANDA,false
CULPAR,false
CRISOL,false
DEVANAR,false
APLAUDIR,false
CATAR,false
PICHULÍN,false
REFINAR,false
CHATEAR,false
GORGOJO,false
VIOLÁCEO,false
CÉRVIDO,false
INSÓLITO,false
ADIÁFORA,false
PADREAR,false
ALIENAR,false
BADALLAR,false
VALUAR,false
AYUSTAR,false
DIVINAR,false
ARSÉNICO,false
SERENAR,false
FULGÚREO,false
BARLOAR,false
REQUERIR,false
ABDICAR,false
ZAFAR,false
REMOCIÓN,false
DEPUTAR,false
UNTAR,false
ALMENAR,false
BÉSTOLA,false
GERMANÍA,false
VELAR,false
FRACASAR,false
SARGENTO,false
CÚRCUMA,false
REFERIR,false
ENCOBIJAR,false
CÓSMICO,false
SOPLAZÓN,false
DEPENDER,false
DESCANTAR,false
DESIERTO,false
CLORURO,false
MACAR,false
COLIGARSE,false
ARROBAR,false
PEGAR,false
BARCINA,false
UCRÓNICO,false
NOMBRAR,false
VENÉREO,false
REMENDÓN,false
DISUADIR,false
TIRAPIÉ,false
GRANAR,false
ACECINAR,false
OÍR,false
IDEACIÓN,false
EXTENDER,false
SENDERAR,false
SUPERVENIR,false
TACUACÍN,false
ORGÁNULO,false
ENROLAR,false
DESCOLLAR,false
ARBORECER,false
SUFRIDO,false
SOALZAR,false
SÚCHIL,false
ALÍPEDO,false
LEGAR,false
AZONZAR,false
TENSAR,false
ESTURIÓN,false
OFIÓMACO,false
MERENDAR,false
INVITAR,false
CEGAR,false
PEÑERAR,false
PAGANÍA,false
ACAMPAR,false
MIMBRERO,false
TILINGO,false
AMACHARSE,false
SUMERGIR,false
OPIÁCEO,false
COSTA,false
MEDICIÓN,false
GEÓPONO,false
CABALAR,false
OJALAR,false
AMÉTROPE,false
EMBIJAR,false
BORGOÑA,false
CRUJIR,false
DIÑAR,false
SIMULAR,false
TUMBAZÓN,false
DESVAHAR,false
SOCORRER,false
GLADIOLO,false
LOTIZAR,false
ECÓNOMO,false
ASUNTAR,false
CORONAR,false
ALENGUAR,false
TEJER,false
AFASCALAR,false
ZONTEAR,false
ESTÓLIDO,false
PARAR,false
PRIMACÍA,false
BENGALA,false
ENLOMARSE,false
MANTENER,false
GUELTRE,false
GIGANTÓN,false
ACARONAR,false
EROGAR,false
CONCERTAR,false
RECEJAR,false
DESTROCAR,false
ESCISIÓN,false
ZURUGÍA,false
GAFETÍ,false
PORÍFERO,false
ENERVAR,false
DEVALUAR,false
EDRAR,false
INDÓMITO,false
GRASERÍA,false
AGOSTÍA,false
BASÍLICA,false
ESTRIAR,false
FURRIERA,false
RETROPIÉ,false
ESQUILÓN,false
IZAR,false
NABORÍA,false
CHACALÍN,false
NIÉSPERA,false
CHUFAR,false
BENÉVOLO,false
ACÉTICO,false
CURSILÓN,false
AMURRARSE,false
ALACIARSE,false
ADEMAR,false
FRÉMITO,false
NAIPEAR,false
ARCAIZAR,false
OPINAR,false
VINAGRÓN,false
ESTUFAR,false
DESUCAR,false
COMEDIA,false
MAREAR,false
REGOSTARSE,false
CIBARIO,false
POÉTICO,false
ABRUZARSE,false
ALADRADA,false
PELAIRÍA,false
GUBERNAR,false
PRESUMIDO,false
EMBOCAR,false
SILLETÍN,false
EXTINGUIR,false
REGAR,false
RECUDIDA,false
BREGAR,false
MORÁCEO,false
PAPEAR,false
REVERTIR,false
ZACEAR,false
TOMAR,false
RABIL,false
RILAR,false
HOMÉRICO,false
ANÁLISIS,false
COMPETIR,false
RECELAR,false
COCHEVÍS,false
COLÉDOCO,false
ESCOFINAR,false
ECTÓPAGO,false
ABURAR,false
PECHUGÓN,false
HIRMAR,false
COLIMAR,false
FONÉTICO,false
MELODÍA,false
SOLER,false
EXCEDER,false
ANTELAR,false
LABORAR,false
ESTREÑIR,false
PANDERÓN,false
EMBUDAR,false
VELEJAR,false
OVÍPARO,false
GUARANIA,false
REGALAR,false
GEÓFAGO,false
SOBRESEER,false
COTILLÓN,false
INICIAR,false
BRAILLE,false
BRIDAR,false
DESAHUMAR,false
MACARRÓN,false
ORDENAR,false
LADRAR,false
REPUDRIR,false
PUNIR,false
CHACÓN,false
LAXACIÓN,false
AFELPAR,false
AUGURAR,false
CROCODILO,false
RETOÑAR,false
SOMATAR,false
PARLERÍA,false
BIÓNICO,false
SANABRÉS,false
DIOSTEDÉ,false
REGAÑAR,false
ESCULLÓN,false
OXALÍDEO,false
REENVÍO,false
TIBISÍ,false
APOLÍNEO,false
GNÉISICO,false
ANÓNIMO,false
BULLIR,false
TERMINAR,false
FANÁTICO,false
SUPLIR,false
DECAPAR,false
CEDULAR,false
LARGAR,false
TARACEA,false
VOTACIÓN,false
CONTINUAR,false
AMARRAR,false
IGNÍVOMO,false
CARCAVÓN,false
POTÁMIDE,false
CÍMBRICO,false
AMOVER,false
LIGUANO,false
GLUGLÚ,false
ENFARDAR,false
EBÚRNEO,false
SILERÍA,false
LUCERÍO,false
TILIÁCEO,false
FRAGUAR,false
CÚRBANA,false
REGAÑIR,false
PAYAR,false
GRISALLA,false
OSÍFRAGA,false
POBRETÓN,false
ENCIMAR,false
TOCAR,false
CAPONAR,false
ENALBAR,false
RACHEAR,false
APANDAR,false
OSIÁNICO,false
BORRAR,false
CALÓRICO,false
ASERCIÓN,false
COCCÍNEO,false
ENLERDAR,false
ENROJAR,false
BAZUCAZO,false
LEVAR,false
ALAMIRRÉ,false
RECONVENIR,false
NIELAR,false
TEMÁTICO,false
ESPITAR,false
CUÉRNAGO,false
MENSTRUAR,false
AMONTAR,false
GRADERÍO,false
BIELDO,false
BRASEAR,false
JUQUEAR,false
SINÓDICO,false
TEÁTRICO,false
APÓFISIS,false
GESTORÍA,false
RANDEAR,false
MARTAGÓN,false
VINÍCOLA,false
BOTELLÍN,false
ZOOLOGÍA,false
ROMPELÓN,false
CLAXON,false
REVIRAR,false
ENGULLIR,false
ENCOJAR,false
JIPIAR,false
HULEAR,false
SAJAR,false
REVOTARSE,false
COSER,false
TREÍLLA,false
DESAFEAR,false
EMBEBECER,false
ACCESIÓN,false
GUARDIÁN,false
ASPILLA,false
ÑAMERÍA,false
ACUDIR,false
AGRÓNOMO,false
BOMBÁCEO,false
ENGORDAR,false
AGNACIÓN,false
MOJONAR,false
MAOÍSMO,false
EMPAVAR,false
ENTREVÍA,false
RECODAR,false
PERCHAR,false
REZURCIR,false
ARREÍSMO,false
PRODUCIR,false
ENROBINARSE,false
ANFÍPODO,false
ECHAR,false
VENERAR,false
CARATOSO,false
BECARIO,false
ASISTIDO,false
ALTIVECER,false
GUANDÚ,false
GLOSAR,false
MUSICAR,false
REBUFAR,false
CERECERE,false
JERINGÓN,false
ACERTAR,false
CALCÁNEO,false
PARISIÉN,false
PIPAR,false
SUFOCAR,false
ENSELVAR,false
REBELAR,false
CARBALÍ,false
MEMORIÓN,false
RAMERÍA,false
ATENUAR,false
ORGANDÍ,false
ESCAMAR,false
ROLDAR,false
JÁNDALO,false
CONDURAR,false
ABUSAR,false
OVILLAR,false
REPARTIR,false
DESCOCAR,false
ALMEJÍ,false
ALJAMÍA,false
GIRAR,false
CHISMERO,false
JABONERO,false
RUJIADA,false
HONDEAR,false
ACODERAR,false
BAZUQUEO,false
DESTEJER,false
CARNAZÓN,false
ENDOSAR,false
ESTACAR,false
CÁMBRICO,false
ENSAYAR,false
DESIMPONER,false
COBARDÍA,false
ABOMBADO,false
SERÁFICO,false
REARGÜIR,false
BARRENAR,false
DEROGAR,false
ACALUGAR,false
ESCURRIDO,false
REPTAR,false
FACECIA,false
ERUCTAR,false
SOSEGAR,false
MEDIR,false
ORÓNIMO,false
DEMASIARSE,false
ESPIBIÓN,false
RAREAR,false
ALÍPEDE,false
DESUÑIR,false
PLASMAR,false
MORDELÓN,false
MAYEAR,false
ESCINDIR,false
CUILLAR,false
CENDRAR,false
CANCHEAR,false
ENHASTIAR,false
CAMBIAR,false
AMOSTRAR,false
BÁRTULOS,false
CAMBARÁ,false
ALDEHÍDO,false
ENGOLAR,false
ROTURAR,false
SAZONAR,false
DESMEDIRSE,false
FÓRFOLAS,false
MARCAR,false
CRITICÓN,false
ERICÁCEO,false
FUÉLLEGA,false
LOCUCIÓN,false
ENTUMECER,false
ENSERIAR,false
ENLEJIAR,false
OBLACIÓN,false
PATEAR,false
FERVORÍN,false
INFURTIR,false
EMPLASTAR,false
UBICAR,false
FILÓLOGO,false
LECHERÍA,false
OBOÍSTA,false
RATAFÍA,false
ALJÉBANA,false
PULIR,false
ENVASAR,false
ARPONAR,false
LIGACIÓN,false
DESCOLGAR,false
PANDÁNEO,false
IRÉNICO,false
AMPUTAR,false
MONÓXILO,false
CHUPETÓN,false
ENTOLAR,false
CABRACHO,false
PON,false
LIQUEN,false
RAHALÍ,false
ATOAR,false
ASCÁRIDE,false
JUDIAR,false
BISÍLABO,false
MENTAR,false
CINTERÍA,false
YUNGAÍNO,false
ESPORTÓN,false
BALIZAR,false
HELICÓN,false
EXISTIR,false
GUAPURA,false
REBLAGAR,false
GARRIR,false
ACOTOTAR,false
ABUENAR,false
ATRAÍBLE,false
DILUVIAR,false
RETRONAR,false
CARÓTIDA,false
ESCLAVÓN,false
BISTURÍ,false
APACHAR,false
VAPULAR,false
CUEVA,false
SÁTRAPA,false
DECÁPODO,false
TENDEJÓN,false
COLIBRÍ,false
CAPUCHÓN,false
ENFRENÓN,false
ACRÍLICO,false
REMOJAR,false
LAGAREARSE,false
COLÉRICO,false
ESGRIMIR,false
ARRASAR,false
ATRAVESAR,false
GEÓRGICO,false
FANTASÍA,false
MEDIODÍA,false
CHAMPAR,false
OXÁLICO,false
FRUTAR,false
AMANECER,false
INDEXAR,false
FOLLAR,false
CÓRDOBA,false
ORVALLE,false
MAJEAR,false
FEMINELA,false
DÍPTERO,false
ADOPTAR,false
SORRAPEAR,false
EMBOZAR,false
MORDICAR,false
ENÓLOGO,false
PUBESCER,false
CHÉVERE,false
NORMAR,false
EVOCAR,false
HEDER,false
EMPIPARSE,false
ACARTONAR,false
HACER,false
COLCHAR,false
ESCOBERO,false
PELUQUÍN,false
MIRTÁCEO,false
ACÚSTICO,false
RELAMER,false
AJOMATE,false
HIDÁTIDE,false
CÍTRICO,false
AYERMAR,false
RECTAR,false
HUMAR,false
ECLÓGICO,false
NERVADO,false
ESPOSAR,false
REDOLAR,false
FABORDÓN,false
CANARIÓN,false
BANDIDO,false
EMPELOTARSE,false
PELAR,false
ALUZAR,false
DENOTAR,false
ALJÁFANA,false
PSÍQUICO,false
CORREGIR,false
MNEMÓNICO,false
PEONERÍA,false
TRABAZÓN,false
ESCÉNICO,false
RETRIBUIR,false
ACLAMAR,false
REGIR,false
FUNDAR,false
ESTERNÓN,false
BEIRUTÍ,false
REJACAR,false
ANCHOAR,false
GAÉLICO,false
JARREAR,false
ACOTAR,false
ENÉRGICO,false
PERÓXIDO,false
FRANQUÍA,false
DEPIRAR,false
RECESAR,false
ADULARIA,false
NUMERAR,false
TÚRDULO,false
CALÍCULO,false
PARTEAR,false
VERÓNICA,false
CANGA,false
APIANAR,false
ALOTAR,false
BÉLGICO,false
CLAVAZÓN,false
PIRAR,false
ANSIAR,false
CONCEPTO,false
PAJEAR,false
MANAR,false
BUS,false
HAPÁLIDO,false
BOLETERO,false
POLLEAR,false
RACIMAR,false
TAOÍSMO,false
AHUESARSE,false
RISPAR,false
SALMEAR,false
MULTAR,false
BARÍTONO,false
UTILERÍA,false
BURILAR,false
LAMAÍSTA,false
ARGÜIDOR,false
CARPIR,false
PERNEAR,false
DIARQUÍA,false
ESTÚPIDO,false
MÁSTIL,false
CUNDIR,false
ADOPCIÓN,false
OFUSCAR,false
GEÓLOGO,false
BATALLÓN,false
ENCONTRAR,false
RETIRAR,false
AVEMARÍA,false
ETOLOGÍA,false
ACÁPITE,false
PÁLPEBRA,false
PALIDECER,false
HERÉTICO,false
LIMPIAR,false
ANOMALÍA,false
TRÁNSFUGA,false
MAPACHÍN,false
ALÍFERO,false
SETENAR,false
FECHURÍA,false
PISTILO,false
ENROCAR,false
LOCACIÓN,false
REBAJAR,false
GÜIPIPÍA,false
EDÍCULO,false
AMARECER,false
PREMIAR,false
ZURRIR,false
AMOLAR,false
MANVACÍO,false
RIDÍCULO,false
TARAREAR,false
FARILLÓN,false
SUBVENIO,false
FRICAR,false
ALMADIAR,false
GASOLENO,false
ACERICO,false
VOMITAR,false
DESFORMAR,false
PITIPIÉ,false
ACOGER,false
DESADORAR,false
GALÉNICO,false
ABISMAR,false
ENCASAR,false
FILAUTÍA,false
NUTACIÓN,false
VINCULAR,false
ACRÓNIMO,false
CONVIVIO,false
COMISAR,false
CHARLAR,false
NÁUTICO,false
CLOTEAR,false
PRETERIR,false
HALDEAR,false
EUFÓTIDA,false
DOCÉTICO,false
GOLLIZNO,false
SAGARMÍN,false
PRIMAL,false
PEALAR,false
VEINTIÚN,false
FILAR,false
CIRÍLICO,false
CARANTÓN,false
BOBEAR,false
OCURRIDO,false
NAGÜERO,false
ARBELLÓN,false
ACHOCAR,false
PASTEAR,false
PAGAR,false
PRÁCRITO,false
MANJELÍN,false
ECLOSIÓN,false
DESCURTIR,false
TETÁNICO,false
TARTÁREO,false
PERIMIDO,false
RECUBRIR,false
HACHEAR,false
TRIATLÓN,false
PIBERÍO,false
TILLAR,false
LEVIGAR,false
ESFÉRICO,false
ADORAR,false
ENROMAR,false
MONEDERO,false
SOMBRAR,false
MAÑEREAR,false
TRAPERÍA,false
FISÍPEDO,false
CAYARÍ,false
ABANADOR,false
PINGAR,false
CALÍFERO,false
MANJUARÍ,false
MANTECÓN,false
ADVERAR,false
NALGUEAR,false
RABILAR,false
OTEAR,false
RECATAR,false
HOMÓNIMO,false
LOSAR,false
PARÓTIDA,false
FÍLMICO,false
ATÁVICO,false
OCTÁGONO,false
VIPÉREO,false
GANSEAR,false
ABÉÑOLA,false
CORNÁCEO,false
CRUÓRICO,false
CARIEDÓN,false
PERITAR,false
ENSAÑAR,false
YERBEAR,false
INÁNIME,false
NUMÉRICO,false
ALUNARSE,false
GOLMAJEAR,false
OSCILAR,false
PÍCNICO,false
REÍR,false
ENVIGAR,false
CARBA,false
DRAGAR,false
NUÉGADO,false
GRAMÍNEO,false
LOCUTAR,false
TRASCOLAR,false
DISTONÍA,false
ISOFENA,false
PRINGAR,false
APEGAR,false
VESTIR,false
CANTARÍN,false
LIJAR,false
VENIR,false
ÑIRE,false
QUINTAR,false
ERA,false
HAMACAR,false
PUAR,false
MERITAR,false
LENGÜEAR,false
MOGÓLICO,false
PRENDER,false
ENCANAR,false
DANZAR,false
INCUBAR,false
EMPENTÓN,false
EGRESIÓN,false
CARRAÑÓN,false
AFÓNICO,false
LACRAR,false
VAPORAR,false
ABURRARSE,false
ZAQUEAR,false
OMNÍVORO,false
ENGORDA,false
LAUREAR,false
CONCOMER,false
BAJEAR,false
DAVALAR,false
EPÍGRAFE,false
QUERER,false
DIÁSPERO,false
GEMONÍAS,false
YERMAR,false
ADREZAR,false
BUCHADA,false
DÉFICIT,false
ZAFÍREO,false
ESTÁNDAR,false
AJICOLA,false
POPURRÍ,false
DEBROCAR,false
LITRÁCEO,false
APOSTAR,false
ENCALCAR,false
DESVIVIRSE,false
ENTANDAR,false
AMIGAR,false
DIACONAR,false
CÚSPIDE,false
ALBORNÍA,false
TERRIZO,false
ENCAÑAR,false
PRÉSTAMO,false
PONTEAR,false
DENOSTAR,false
TRILOGÍA,false
OVAR,false
EBENÁCEO,false
APRETAR,false
PUTERÍO,false
PATÓGENO,false
ETIÓPICO,false
PERSUADIR,false
IMAGEN,false
CUTÁNEO,false
FORRAR,false
ACAPARAR,false
JINGLAR,false
ACTÍNICO,false
MOCHAR,false
MORDIHUÍ,false
INNÚMERO,false
HÉCTICO,false
SOCOLAR,false
CHIRLAR,false
GARREAR,false
ZOÓLOGO,false
PSICÓLOGO,false
TINCAR,false
HAMUDÍ,false
CEPELLÓN,false
DISMINUIR,false
ALIMONARSE,false
ABOLIR,false
NOVÍSIMO,false
LIBACIÓN,false
RANCLARSE,false
OTÓLOGO,false
TREINTÓN,false
ANONÁCEO,false
BLANDIR,false
EDÍPICO,false
ENCENTRAR,false
ANTEPIÉ,false
ENJOYAR,false
JIMAR,false
RETUNDIR,false
ANAGOGÍA,false
RESARCIR,false
CALENTÓN,false
FRATRÍA,false
ADORMECER,false
ULCERAR,false
VERGÜEÑA,false
BINÓCULO,false
TRINACRIO,false
ALEGORÍA,false
MÍSTICO,false
MACHACA,false
COOPTAR,false
TEÓNIMO,false
MACHEAR,false
BALSAMÍA,false
CHIRUCA,false
JASAR,false
AMANSAR,false
ARÁCNIDO,false
ACEMITE,false
ADMIRAR,false
NUTRICIO,false
ENLACIAR,false
ENTRAR,false
DESVIAR,false
VENÁTICO,false
CISTÁCEO,false
ATOLLAR,false
ROTULAR,false
MALVASÍA,false
OLVIDAR,false
TEMPERAR,false
VERGUEO,false
NITRERÍA,false
QUEMAZÓN,false
CAMULIÁN,false
COHIBIDO,false
ENLUTAR,false
CHAPECA,false
SÍLFIDE,false
PONASÍ,false
GUÁCHARO,false
EUSKARA,false
DEDOLAR,false
PROBAR,false
TROCAR,false
ESTELIÓN,false
APUNTADO,false
VISITAR,false
ACECHAR,false
BUJIER,false
ASTRACÁN,false
ÑANDUTÍ,false
FEUDAR,false
LAGOSTÍN,false
APAREAR,false
EFECTUAR,false
TARASCÓN,false
EMPEÑAR,false
LUNÁTICO,false
MAYAR,false
SALACIÓN,false
APUNARSE,false
INFATUAR,false
EGOÍSMO,false
ASTRIÑIR,false
ÍSTMICO,false
ZIMÓGENO,false
CHUCANO,false
VINÁTICO,false
DERECERA,false
VERDERÓN,false
SOCARRÓN,false
GUINCHÓN,false
VOLANTÓN,false
HOPARSE,false
HUÉRFANO,false
FAVORECER,false
SOSERÍA,false
AHILAR,false
DESCOCER,false
ARRIMAR,false
TABACHÍN,false
HÁBITAT,false
CRÓMLECH,false
ARROTARSE,false
CHAFAR,false
CÁRNICO,false
VATÍDICO,false
ENRIAR,false
CANTURREAR,false
CONDUCHO,false
INFLAR,false
DELACIÓN,false
RESERVÓN,false
FECHAR,false
ENVOLVER,false
CONVENCER,false
BALSÓN,false
CANTUSAR,false
PUNTAPIÉ,false
MAZNAR,false
DITEÍSMO,false
SIFÍLIDE,false
LARDEAR,false
ITÁLICO,false
PRÚSICO,false
ESNIFAR,false
ZARZAHÁN,false
AFLORAR,false
EGLÓGICO,false
DESLIAR,false
HOMBREAR,false
DIÁFISIS,false
CRÚSTULA,false
POLÍMERO,false
FALSETE,false
NOMINAR,false
ATOCHAR,false
ZABUCAR,false
MORMARSE,false
RENACER,false
APLICAR,false
PÁNFILO,false
RESEGAR,false
RAER,false
GUIAR,false
CABREAR,false
ALTEAR,false
VEZAR,false
OLIVÁCEO,false
IMBUIR,false
FRITAR,false
DECIÁREA,false
HEDÓNICO,false
LORIGADO,false
ARRIDAR,false
DOPAR,false
TRARIGÜE,false
CURRAR,false
NEÓGENO,false
CORDERO,false
AMISTAR,false
SÚBDITO,false
RESINAR,false
RESQUILAR,false
HEXÁPODO,false
UNIVOCARSE,false
CONVERTIR,false
ABARBETAR,false
ACAPILLAR,false
MALPARIDA,false
ATONTAR,false
CHIBUQUÍ,false
ESPALDÓN,false
ESTREGÓN,false
ARNADÍ,false
DINÁMICO,false
IMPLAR,false
AFÉRESIS,false
FALBALÁ,false
FÉRTIL,false
MORFAR,false
PUNCHAR,false
NEGRERO,false
INFRINGIR,false
CINZOLÍN,false
PIQUEAR,false
SACHAR,false
DUALIZAR,false
ZOÓLATRA,false
YUYERÍA,false
CRISPAR,false
ESTIRAR,false
FORTUNÓN,false
ACHATAR,false
TURACIÓN,false
ENCAMINAR,false
CINTURÓN,false
TRASPONER,false
ESPONTÓN,false
ENCAPAR,false
ELEÁTICO,false
XENÓFOBO,false
SÁRMATA,false
LEVITAR,false
COTEJAR,false
BARBARIA,false
EMÉRITO,false
DESOSAR,false
AFOSARSE,false
TARTARÍ,false
EXACCIÓN,false
ESCRUCAR,false
POLÍGALA,false
SERRAR,false
ENCONADO,false
DEFECAR,false
ADICCIÓN,false
CÓGUIL,false
ACORARSE,false
INVOCAR,false
PRÓSTILO,false
PARRAR,false
DESCRIBIR,false
ANDALUSÍ,false
CASEICO,false
JAI,false
ACANTILAR,false
MUNÍFICO,false
SOPLAR,false
AGRUMAR,false
PALANCÓN,false
REHUNDIDO,false
CONDECIR,false
ICTÍNEO,false
REPELER,false
LAPICERA,false
ACEPCIÓN,false
HIPAR,false
HARTAR,false
ROMAICO,false
DESTEZ,false
HORMIGÓN,false
LENCERÍA,false
INSINIA,false
VOCÁLICO,false
VIVAR,false
CINÁMICO,false
AMORTECER,false
LOZANEAR,false
BROCAL,false
ATÁXICO,false
TURURÚ,false
TRAPALÓN,false
ELIJAN,false
CAGUETA,false
SENTIR,false
TOSIGUERA,false
CAVAR,false
DESCRECER,false
ESPÁDICE,false
ERRAR,false
TECLEAR,false
CHÁDICO,false
URÓLOGO,false
DEFINIR,false
BIELDA,false
VIOLAR,false
PRÓTESIS,false
MEMORIA,false
AGARBADO,false
COMPETER,false
CABLEAR,false
UNITARIO,false
JIFERÍA,false
PENSAR,false
HERVENTAR,false
GULLERÍA,false
MUESCA,false
LOGRERÍA,false
PORGAR,false
COMPRAR,false
PABELLÓN,false
QUISTARSE,false
PREELEGIR,false
LIMITAR,false
PERLERÍA,false
ABUZARSE,false
NEVERÍA,false
BOQUERÓN,false
ENMONARSE,false
PARAGUAS,false
PERCUTAR,false
INCÁSICO,false
IBÉRICO,false
PÉRSICO,false
ALADRERO,false
DESUÑAR,false
FACHEAR,false
LABRADÍO,false
REVOLEAR,false
ACEMILAR,false
LIGNARIO,false
NOÚMENO,false
DESUSAR,false
FOGAREAR,false
VALORAR,false
GIBAR,false
AUTORÍA,false
REPESAR,false
GOBERNAR,false
EMANAR,false
ETNÓLOGO,false
ZURREARSE,false
ASTÉNICO,false
QUIETAR,false
ERGÓNOMO,false
LECHAR,false
REVELLÍN,false
TELÉFONO,false
ENOJAR,false
COMETER,false
TRISCAR,false
VÍRGULA,false
JALAR,false
PALMAZÓN,false
RADICAR,false
CHÁCENA,false
PERANTÓN,false
ETÓLOGO,false
ALETEAR,false
APIPARSE,false
URUNDEY,false
NEBLINERO,false
BECOQUÍN,false
HOCICAR,false
MACHAR,false
ARRODRIGAR,false
COITAR,false
AMANEAR,false
EPICÚREO,false
MONDONGA,false
RETALLÓN,false
AGALLÚ,false
FÁRMACO,false
ENLOSAR,false
FLÁMULA,false
CANÓNIGO,false
MÁNFANOS,false
SEPARAR,false
SILLERÍA,false
ESTADÍA,false
RESACAR,false
ALUDIDO,false
NÍSCALO,false
CONCURRIR,false
APLACER,false
ILÍCITO,false
BECARDÓN,false
HACEDERO,false
MOLÉCULA,false
ENCÉFALO,false
OLISCAR,false
EXENCIÓN,false
ONCÓLOGO,false
ARENÁCEO,false
CHUPAR,false
URAJEAR,false
CORNEJO,false
MARRAR,false
HERBÁCEO,false
PIRANDÓN,false
JUDERÍA,false
PRODIGAR,false
SÍNTOMA,false
DESPLACER,false
GEÓMETRA,false
TERMOFÓN,false
FLECTAR,false
OPÚSCULO,false
CANDAR,false
ASTÁTICO,false
FRUTERÍA,false
PASAR,false
IDEÁTICO,false
FILÉTICO,false
TRADUCIR,false
CHÍCHARO,false
ALELAR,false
ENSOTARSE,false
SOÑACIÓN,false
PALADIÓN,false
BALDADO,false
MEDIERÍA,false
ATAGUÍA,false
INGÉNITO,false
ABUCHEO,false
PEDIGRÍ,false
AMILOSA,false
CALLEJÓN,false
DISCERNIR,false
FOGUEAR,false
DELEGAR,false
PERNIGÓN,false
ENGORAR,false
ROMERÍA,false
FRENAR,false
BANDADA,false
APRESAR,false
PÍRGANO,false
AMOHINAR,false
ESPACIAR,false
AMONARSE,false
ITERAR,false
MISÓGINO,false
GALÁPAGO,false
CUARTAR,false
LIBRERÍA,false
BATALLAR,false
GUAICURÚ,false
RAMNÁCEO,false
AGUIZGAR,false
COTAR,false
ESPERRIAR,false
ARQUERÍA,false
APORTAR,false
TAIMARSE,false
CARRACÓN,false
ACERERO,false
EPÍFORA,false
UMBRÁTIL,false
LAYAR,false
GENÉTICO,false
ALFARDÓN,false
ANACORA,false
CENCERO,false
ARACHÁN,false
JERA,false
ALFORJÓN,false
DESNEGAR,false
ÑATEAR,false
ACETILO,false
HITAR,false
LINÁCEO,false
ZARZAGÁN,false
REDOBLAR,false
ESTACADO,false
MISTAR,false
EMBAUCAR,false
AYUDAR,false
LIÁSICO,false
CHOZPAR,false
GRANEAR,false
ATÉRMANO,false
XILÓFAGO,false
ESCOFIÓN,false
DITAÍNA,false
ELITARIO,false
PRÉSBITE,false
AFOCAR,false
ASESORÍA,false
DENUDAR,false
TOXÍGENO,false
GESTAR,false
VERBERAR,false
ARROMPIDO,false
CICLÓN,false
ARTÚRICO,false
CESACIÓN,false
TRÍPOLI,false
MALVENDER,false
CANSADÓN,false
DRUPÁCEO,false
CITÓLOGO,false
ENTOÑAR,false
PIADOR,false
BARRAGÁN,false
TRÁFICO,false
GRITERÍO,false
CNEORÁCEO,false
BARAJAR,false
ROMANAR,false
AMARAÑAR,false
ZUMBAR,false
CORSARIO,false
ESCUDAR,false
ALFARJÍA,false
PRESUPONER,false
ENCUBAR,false
YUNTERÍA,false
AVENAR,false
CACAREAR,false
REPINARSE,false
LAURÍNEO,false
ALÓCTONO,false
LATERÍO,false
ELÍPTICO,false
FONACIÓN,false
NOVACIÓN,false
MELÍFERO,false
FUNÉREO,false
REÓFORO,false
FEÉRICO,false
VERTER,false
GARBEAR,false
TIQUEAR,false
ABORDONAR,false
CATÓLICO,false
JUGUETÓN,false
RENADÍO,false
ENVINAR,false
ESTRABÓN,false
INCIDIR,false
MACULAR,false
APERNAR,false
SANGRAR,false
APOLAR,false
INCLINAR,false
ARTÉTICO,false
CALLEAR,false
ALIÑAR,false
CAMPANA,false
REHALÍ,false
APROPIAR,false
MURUCUYÁ,false
ATÓMICO,false
ORBITAR,false
CHACAL,false
AJENUZ,false
ENGALGAR,false
ATRICIÓN,false
ATIBAR,false
BEHIQUE,false
DUROFRÍO,false
ALBAÑAR,false
SUBSOLAR,false
CARLETA,false
SABOYANO,false
JÁRJARA,false
MONÓTONO,false
PAVORDÍA,false
APREVENIR,false
CAÑEAR,false
LENDRERA,false
BOLSEAR,false
SALVAR,false
SARRUJÁN,false
ASONAR,false
TRANCAR,false
ADVERTIR,false
MEDITAR,false
PIAR,false
TRASVOLAR,false
REMULLIR,false
AÑUSGARSE,false
ROSARSE,false
CÓNYUGE,false
ADAGUAR,false
EMBAULAR,false
ZURDERÍA,false
PISTEAR,false
AMURAR,false
COMPARTIR,false
APÉTALO,false
ADMISIÓN,false
BLINDAR,false
SÉXTUPLO,false
CUANTÍA,false
TRIPARTIR,false
ENJICAR,false
CANÉFORA,false
AFORRADO,false
JARAÍZ,false
SALLAR,false
ALOARIA,false
OBISPAR,false
HAMADRÍA,false
CORMORÁN,false
DESVOLVER,false
MÚLTIPLE,false
APLÁSICO,false
ABREVIAR,false
ORDINARIO,false
BENJAMÍN,false
CICÁDIDO,false
MUTÁGENO,false
PERVIVIR,false
GAMELLÓN,false
TORCIJÓN,false
TEÓSOFO,false
RUMBEAR,false
BIGUDÍ,false
MAÑEAR,false
SALTARÍN,false
CORNISÓN,false
CHUPULÚN,false
CARIÑAR,false
DISOLVER,false
CAMBÍN,false
SÚRCULO,false
INCISIÓN,false
BÁLTICO,false
ENROÑAR,false
HERVER,false
RELIGIÓN,false
AUTARCÍA,false
CINÉREO,false
UDÓMETRO,false
CALENDA,false
HEXÁPEDA,false
ENÉSIMO,false
ASCENDER,false
PIZZERÍA,false
REFRINGIR,false
ARROMAR,false
LENTECER,false
CHISPARSE,false
DURACIÓN,false
PRELACÍA,false
ALARACO,false
DECISIÓN,false
LAMAÍSMO,false
CUBÍCULO,false
PUTEAR,false
ENJETARSE,false
ENCEBRA,false
MÓNDRIGO,false
MASAR,false
ASERIARSE,false
MURAR,false
SOLLISPARSE,false
PISAÚVAS,false
ENCLOCAR,false
ALABEAR,false
ENVEJECER,false
TESGÜINO,false
NUBÍFERO,false
DESAFÍO,false
GERMÁN,false
CALAR,false
LASTRAR,false
FLAMEN,false
VAGUERÍA,false
ESTATUA,false
TEMBLAR,false
IDEAR,false
CÓCONO,false
ARIA,false
BANDOLÓN,false
POSTERÍO,false
LICTOR,false
NEROLI,false
NARCEÍNA,false
MUNICIÓN,false
ALMÁTICA,false
SONERÍA,false
CELOSÍA,false
FUFAR,false
MARÍTIMO,false
CHUZAR,false
PARLAR,false
RECONOCER,false
DEMÓTICO,false
ABEJEAR,false
CANCILLA,false
SEISAVAR,false
SOLMENAR,false
VAGUEAR,false
MARCHAR,false
PATÉTICO,false
SOTANEAR,false
GANZUAR,false
BIFÁSICO,false
PERCOCHO,false
SOMBREAR,false
CHUCHAR,false
MARGAR,false
ENREJAR,false
MONTERÍA,false
GUAJANA,false
TREMOLAR,false
MATERIA,false
RALLAR,false
EXTENSO,false
COCAVÍ,false
ÁRGUENAS,false
SALSERÓN,false
LERDEAR,false
EVACUAR,false
CÁLCICO,false
ANUDAR,false
SABURRA,false
CARONCHARSE,false
CACTÁCEO,false
TIPERÍA,false
TRAPA,false
DESFERRA,false
OLÍBANO,false
ASOSEGAR,false
COBRAR,false
FUSILAR,false
BAGAR,false
PISPEAR,false
MANJAR,false
TALLECER,false
FILÁTICO,false
PANGELÍN,false
EMPAPAR,false
DERRETIDO,false
HOSTERÍA,false
CARDENAL,false
ALMAGRA,false
DEVALAR,false
FALCADA,false
TESÁLICO,false
LABOREO,false
TORERÍA,false
CINÉTICO,false
NOVELAR,false
CARÁBIDO,false
RECANTÓN,false
NITRAR,false
ABLANDAR,false
RAQUÍDEO,false
FOLLONÍA,false
ATISBAR,false
FLAGRAR,false
OSCURECER,false
CARURÚ,false
RÉSPED,false
DEFENDER,false
REQUESÓN,false
CONTAR,false
RECORRER,false
DESCOTAR,false
RODAPIÉ,false
PARAHUSAR,false
BURSÁTIL,false
GÁSTRICO,false
ODRERÍA,false
CANONJÍA,false
MARINAR,false
ENTERAR,false
EMBOBAR,false
COCINAR,false
VELLORÍN,false
CUTÍCULA,false
ZAMINAR,false
CHAFLAR,false
ARRITAR,false
BARRER,false
ORNAR,false
MAICERÍA,false
CANDILÓN,false
RESQUILO,false
AVANTRÉN,false
TUMBAGÓN,false
AMUSGAR,false
LADRERÍA,false
CONTUNDIR,false
VEJACIÓN,false
DESOVAR,false
LEONERÍA,false
DESCOMEDIRSE,false
BITÁCORA,false
GALBANA,false
ZUMACAR,false
TOMAÍNA,false
MAZAR,false
RELIGAR,false
ADENSAR,false
ALFAQUE,false
SOLTERÍA,false
DIÉRESIS,false
AVIÑONÉS,false
BALDOSAR,false
PARICIÓN,false
OLIVAR,false
PROBO,false
BOVÁTICO,false
TAOÍSTA,false
AMOLLECER,false
ANTECOGER,false
AFERRAR,false
NAPOLEÓN,false
ABJURAR,false
ENFOCAR,false
CORBATÍN,false
PROEJAR,false
EXÓGENO,false
DÉRMICO,false
BARAHÚNDA,false
TRAPICARSE,false
CABER,false
CEÁTICA,false
JASPEAR,false
ABALDONAR,false
QUEJAR,false
SUBIR,false
ALIAR,false
GUIRI,false
ESCOTADO,false
CHANCOMER,false
FRENESÍ,false
VITÍCOLA,false
FLUIR,false
ZAHÚRDA,false
PETICIÓN,false
CONSISTIR,false
QUÍSAME,false
COREAR,false
MATACIÓN,false
DESCARTE,false
UFOLOGÍA,false
BIXÍNEO,false
HENEQUÉN,false
DESBINZAR,false
COQUIZAR,false
DOLMÁN,false
TREBO,false
EMPANAR,false
CÓLCEDRA,false
SALTEAR,false
MANIR,false
ACAMAR,false
PRÓSTATA,false
TABLERÍA,false
PARCHAR,false
MELLAR,false
CHIVADA,false
FAJEAR,false
FASÉOLO,false
CLAVEAR,false
PADECER,false
COCCÍGEO,false
LOTEAR,false
TRAPEAR,false
IR,false
ZORAILÓN,false
GALPITO,false
REGABINA,false
TEOSOFÍA,false
DIMANAR,false
CALOFRIARSE,false
ELOGIAR,false
AERÍFERO,false
EMPELLER,false
DESMEDIDO,false
BÍBLICO,false
INSURGIR,false
TEÑIR,false
ESPEJAR,false
ZURRIAR,false
SIGLALÓN,false
COHECHAR,false
RAICEAR,false
VIGIAR,false
SANTERÍA,false
AVADAR,false
RESTEAR,false
ESÓFAGO,false
MALSINAR,false
TELÚRICO,false
CLAREAR,false
CORIÁCEO,false
DECÁREA,false
EVICCIÓN,false
MOLDAR,false
CHÍCURA,false
GUARAÚNO,false
ESCORZÓN,false
ANZOLERO,false
ANATOMÍA,false
FUMÍFERO,false
CUITEAR,false
OBTURAR,false
CREABLE,false
GECÓNIDO,false
CAAMINÍ,false
MAPEAR,false
COSCARSE,false
PREFINIR,false
PADREJÓN,false
PÓQUER,false
PERNERÍA,false
AUTRIGÓN,false
REABRIR,false
CONSENTIR,false
MENAR,false
RESTORÁN,false
POTÁSICO,false
EMPADRARSE,false
DOMEÑAR,false
VOLAPIÉ,false
ECOLOGÍA,false
ESTABLÍA,false
BRAVUCÓN,false
DENEGRIDO,false
AZOLAR,false
CORREERO,false
ELECTRÓN,false
ANALOGÍA,false
ENTECARSE,false
OSMANLÍ,false
BANDERÍA,false
DEVENGAR,false
TALPARIA,false
HENDÍADIS,false
IONIZAR,false
CATÓDICO,false
LERDERA,false
DESHELAR,false
OREAR,false
APAÑUSCAR,false
ESPALAR,false
GUAYAMÉS,false
HORRAR,false
DESRAIZAR,false
APERCIÓN,false
CURRI,false
ARMÓNIUM,false
DESAVENIR,false
CUCHAR,false
CREMONÉS,false
REQUEMAR,false
COLORIDO,false
PLAGAR,false
AMNÉSICO,false
TRANSAR,false
LUNEAR,false
BISECAR,false
ENCAJAR,false
ROCHAR,false
DERIVAR,false
MICÓLOGO,false
INCOAR,false
ZAPEAR,false
LIGNÁLOE,false
NOVADOR,false
RAFEAR,false
TODÓLOGO,false
DILUCIÓN,false
LITERÍA,false
LUCUBRAR,false
CÍCLICO,false
MALPARAR,false
GÁRBULA,false
COPAR,false
DILATAR,false
ACOMEDIRSE,false
DILUVIAL,false
ÑÁNGARA,false
PSICÓPATA,false
LAGAR,false
MAMANTÓN,false
CURSERÍA,false
ROBLAR,false
SECAR,false
EXULTAR,false
IDEÓLOGO,false
GÉISER,false
RESEMBRAR,false
SECUA,false
ATURRIAR,false
VERÍDICO,false
PUNTERÍA,false
SERANEAR,false
DEGLUTIR,false
LARÍNGEO,false
ANTÍGENO,false
ALIVIAR,false
TARRALÍ,false
CARRIQUE,false
ARGÉNTEO,false
ATEDIAR,false
CHIVEAR,false
CAPUZAR,false
CARCAMÁN,false
AZUFRADO,false
GUATEAR,false
MALUCHO,false
REYAR,false
TANCAR,false
CURACIÓN,false
ULTÍLOGO,false
BILBAÍNO,false
CÍNGULO,false
MIRAR,false
ALCAIRÍA,false
TABULAR,false
ANIDIAR,false
MARACAYÁ,false
EMPUTECER,false
ABLUCIÓN,false
PÁRVULO,false
SEDAR,false
TATUAR,false
MATAR,false
FLOREAR,false
ABORDAR,false
MOSTRAR,false
GONFALÓN,false
ESTURDIR,false
JUSTAR,false
ENASTADO,false
JAFÉTICO,false
LETRADO,false
MANCOMÚN,false
CATECÚ,false
FABRICAR,false
REPELAR,false
COLACIÓN,false
INFÉRTIL,false
MOTEAR,false
AGACHAR,false
CITACIÓN,false
PESAR,false
INDINAR,false
INTIMAR,false
ESTANCIA,false
VIGORAR,false
TESTÁCEO,false
NAZARÍ,false
CONCUBINO,false
JUJEAR,false
JABONAR,false
RETAJAR,false
SÍSMICO,false
BILOCARSE,false
VITÁCEO,false
ILÓGICO,false
ZARPAR,false
PORRADA,false
CHALCHAL,false
DISIPAR,false
CHIVAR,false
ALALIMÓN,false
CURVATÓN,false
DEPRIMIR,false
FELONÍA,false
CÉNZALO,false
BOBERÍA,false
RELAJAR,false
GUEDEJÓN,false
CHATÓN,false
ALMUEDÉN,false
CINÉSICA,false
MENCIANO,false
REMOZAR,false
AGRAZAR,false
GRANADA,false
MEDROSÍA,false
GRISÁCEO,false
SOMBRÍO,false
BIOÉTICO,false
CÁRTAMA,false
CANANEO,false
DESLUCIR,false
ZUÑIR,false
APODAR,false
LÉGRIMO,false
COIMEAR,false
ASCONDIDO,false
VELICAR,false
AFUMADO,false
GALIBAR,false
PLOMAR,false
ECUÁNIME,false
ACIDULAR,false
MOGOLLÓN,false
EXCITAR,false
GANGOCHO,false
RECADERO,false
SABER,false
HENDIR,false
TRASCODA,false
ANTUVIADO,false
FÁUSTICO,false
ANTICUAR,false
LACÓNICO,false
PRENSAR,false
SINDICAR,false
CANTORÍA,false
PLATÁNEO,false
DÍGRAFO,false
SALMERÓN,false
ESTELLÉS,false
ACEDAR,false
ARRIBAR,false
SEGUIDA,false
TORRUPÁN,false
GUAJACÓN,false
CERCHAR,false
IMPENDER,false
CORÁCEO,false
ATIESAR,false
CLONAR,false
BATUQUEAR,false
AGORERÍA,false
IMANAR,false
CORÁNICO,false
RESTRIÑIR,false
APÁTICO,false
AHECHAR,false
JERÓNIMO,false
REBOSAR,false
MELÁNICO,false
ZAHARRÓN,false
ABORTAR,false
DIÁBOLO,false
ENGRUPIR,false
SISAR,false
BERGADÁN,false
LIUDAR,false
EFÉLIDE,false
ACUSAR,false
ÑOÑERÍA,false
TUNEAR,false
ORIFICAR,false
INSTRUIR,false
FUCILAR,false
ALEJAR,false
SABÉLICO,false
CALPULLI,false
ANTÍPODA,false
ESCANDIA,false
RÉQUIEM,false
LIMAR,false
CERCANO,false
ICNEUMÓN,false
BABEAR,false
EMPUTARSE,false
ESCARAR,false
BALSERÍA,false
REGAÑINA,false
ESCALIVAR,false
AGRÍCOLA,false
BALACEAR,false
ASOBARCAR,false
GARMEJÓN,false
HURGAR,false
GUATINÉ,false
MUSTIAR,false
DESFLECAR,false
CAMAGUA,false
TARRAGO,false
URNICIÓN,false
CAMINAR,false
PROCAZ,false
LAURÁCEO,false
RABILARGO,false
SOLETERO,false
FLÓSCULO,false
CHEPEAR,false
ARAVICO,false
AGNICIÓN,false
PILLEAR,false
PERSEGUIR,false
FLORERÍA,false
COFRADÍA,false
CHINCHÓN,false
EMPINAR,false
PROCOMÚN,false
HIPOGEO,false
SUSURRÓN,false
MONDARIA,false
AMUINAR,false
HONORARIO,false
RETEJAR,false
CAVARIA,false
EXCUSIÓN,false
SUSTITUIR,false
PATINAR,false
CARAJAL,false
VOLITAR,false
ZOÓTROPO,false
BAILARÍN,false
MANGAR,false
JAGÜEY,false
RELUCHAR,false
GUAPERÍA,false
PAPAÍNA,false
BRÁCTEA,false
RESTAR,false
SARDANÉS,false
CLÉRIGO,false
ESFÍNTER,false
LAGRIMÓN,false
ESTRUJÓN,false
ALVERJÓN,false
CHICOCO,false
ENTÉRICO,false
TAIMERÍA,false
ADENTRARSE,false
TERNERÓN,false
AVAMPIÉS,false
LOLEAR,false
LANZAR,false
ALÁRMEGA,false
JOPEAR,false
CANDOR,false
RECALMÓN,false
PATOJEAR,false
ABANICO,false
DIGNARSE,false
VOLÚMINE,false
CÁNTABRO,false
ATUFAR,false
EMBICAR,false
EXPÓSITO,false
INDÍGENA,false
PAÑERÍA,false
ROZAR,false
PORTÁTIL,false
PLANEAR,false
AEROBIO,false
AUDITAR,false
ACOCIL,false
CANDADO,false
OCTÓGONO,false
ALBOLLÓN,false
ORÉGANO,false
MODÉLICO,false
MENIQUE,false
AMATORIO,false
DECENTAR,false
REHUIR,false
MANEAR,false
HORNERÍA,false
YÓGUICO,false
TRIAR,false
NAVÍCULA,false
HEBETAR,false
MOVICIÓN,false
ANTÓFILO,false
ACAGUASARSE,false
CHÉPICA,false
